termID;termTitle
WP2059;Alzheimer's disease and miRNA effects
WP2447;Amyotrophic lateral sclerosis (ALS)
WP3853;ERK pathway in Huntington's disease
WP4298;Acute viral myocarditis
WP4541;Hippo-Merlin signaling dysregulation
WP4549;Fragile X syndrome
WP4746;Thyroid hormones production and peripheral downstream signaling effects
WP4823;Genes controlling nephrogenesis
WP4830;GDNF/RET signaling axis
WP4844;Influence of laminopathies on Wnt signaling
WP4879;Overlap between signal transduction pathways contributing to LMNA laminopathies
WP4950;16p11.2 distal deletion syndrome
WP5087;Malignant pleural mesothelioma
WP5124;Alzheimer's disease
