WP2059	EIF2AK2
WP2059	EIF2AK3
WP2059	MTOR
WP2059	ATG2B
WP2059	NRBF2
WP2059	BECN2
WP2059	MAPK9
WP2059	TNFRSF1A
WP2059	CSNK2A2
WP2059	MAPK1
WP2059	CSNK2A1
WP2059	IKBKB
WP2059	MAPK8
WP2059	MAPK10
WP2059	GNAQ
WP2059	ULK1
WP2059	CSNK2B
WP2059	CHUK
WP2059	VDAC1
WP2059	CTNNB1
WP2059	BAD
WP2059	NOS2
WP2059	BID
WP2059	FAS
WP2059	PIK3CB
WP2059	CASP8
WP2059	HSD17B10
WP2059	PTGS2
WP2059	MAP2K7
WP2059	ARAF
WP2059	PIK3C3
WP2059	PSEN1
WP2059	GSK3B
WP2059	NOS1
WP2059	MAPK3
WP2059	AKT2
WP2059	PIK3R2
WP2059	NFKB1
WP2059	GAPDH
WP2059	AKT3
WP2059	APH1A
WP2059	PIK3R3
WP2059	APAF1
WP2059	PIK3CA
WP2059	IL1B
WP2059	SEM1
WP2059	ATF4
WP2059	RAF1
WP2059	CASP9
WP2059	IRS4
WP2059	KRAS
WP2059	IL6
WP2059	APH1B
WP2059	PPP3CA
WP2059	AKT1
WP2059	PSEN2
WP2059	PIK3R1
WP2059	ITPR1
WP2059	ADAM17
WP2059	PSMA8
WP2059	BRAF
WP2059	NCSTN
WP2059	CASP3
WP2059	CYBB
WP2059	CASP7
WP2059	FADD
WP2059	IRS1
WP2059	INSR
WP2059	PPID
WP2059	PIK3CD
WP2059	CYCS
WP2059	HRAS
WP2059	CHRNA7
WP2059	LPL
WP2059	CSF1
WP2059	IRS2
WP2059	PIK3R4
WP2059	MAP3K5
WP2059	CALM1
WP2059	NRAS
WP2059	TNF
WP2059	PSMD14
WP2059	DVL3
WP2059	DVL1
WP2059	DVL2
WP2059	FZD2
WP2059	INS
WP2059	APC
WP2059	MIR29B1
WP2059	LRP6
WP2059	WNT16
WP2059	WNT4
WP2059	LRP5
WP2059	MAP2K1
WP2059	MAP2K2
WP2059	PSMA1
WP2059	PSMA2
WP2059	PSMA3
WP2059	PSMA4
WP2059	PSMA5
WP2059	PSMA6
WP2059	PSMA7
WP2059	PSMB1
WP2059	PSMB2
WP2059	PSMB3
WP2059	PSMB4
WP2059	PSMB5
WP2059	PSMB6
WP2059	PSMB7
WP2059	PSMC1
WP2059	PSMC2
WP2059	PSMC3
WP2059	PSMC4
WP2059	PSMC5
WP2059	PSMC6
WP2059	PSMD1
WP2059	PSMD2
WP2059	PSMD3
WP2059	PSMD4
WP2059	PSMD7
WP2059	PSMD8
WP2059	PSMD9
WP2059	PSMD12
WP2059	PSMD13
WP2059	RELA
WP2059	WNT1
WP2059	WNT2
WP2059	WNT3
WP2059	WNT5A
WP2059	WNT6
WP2059	WNT7A
WP2059	WNT7B
WP2059	WNT10B
WP2059	WNT11
WP2059	WNT2B
WP2059	FZD5
WP2059	FZD3
WP2059	WNT10A
WP2059	WNT5B
WP2059	AXIN1
WP2059	FZD1
WP2059	FZD6
WP2059	FZD7
WP2059	FZD8
WP2059	FZD9
WP2059	WNT3A
WP2059	PSMD6
WP2059	VDAC3
WP2059	NOX4
WP2059	XBP1
WP2059	CSNK1A1
WP2059	IL1A
WP2059	RTN4
WP2059	ATF6
WP2059	IDE
WP2059	ITPR2
WP2059	BECN1
WP2059	TRAF2
WP2059	TUBA4A
WP2059	CALML4
WP2059	ADRM1
WP2059	ADAM10
WP2059	APP
WP2059	CALM2
WP2059	PLCB3
WP2059	CALM3
WP2059	CAPN2
WP2059	VDAC2
WP2059	AXIN2
WP2059	SLC25A6
WP2059	CALML6
WP2059	DDIT3
WP2059	GRIN1
WP2059	CALML3
WP2059	CALML5
WP2059	ERN1
WP2059	PLCB1
WP2059	GRIN2A
WP2059	FZD10
WP2059	GRIN2B
WP2059	MIR21
WP2059	CAPN1
WP2059	RB1CC1
WP2059	ATP2A3
WP2059	CACNA1S
WP2059	TUBB1
WP2059	PLCB4
WP2059	CACNA1F
WP2059	DKK4
WP2059	TUBB4A
WP2059	GRIN2D
WP2059	PPP3CB
WP2059	DKK1
WP2059	AMBRA1
WP2059	ATG14
WP2059	PPP3CC
WP2059	TUBA1B
WP2059	APOE
WP2059	RTN3
WP2059	EIF2S1
WP2059	TUBB2A
WP2059	TUBB2B
WP2059	PLCB2
WP2059	CACNA1C
WP2059	TUBA3E
WP2059	DKK2
WP2059	CACNA1D
WP2059	GRIN2C
WP2059	CDK5
WP2059	TUBA1A
WP2059	TUBA1C
WP2059	ATP2A2
WP2059	ATG13
WP2059	TUBB6
WP2059	CDK5R1
WP2059	TUBAL3
WP2059	CSNK1A1L
WP2059	FRAT2
WP2059	TUBA8
WP2059	MAPT
WP2059	TUBB4B
WP2059	PPP3R2
WP2059	ATP2A1
WP2059	RYR3
WP2059	MIR101-1
WP2059	MIR34C
WP2059	MIR34B
WP2059	PPP3R1
WP2059	CSNK2A3
WP2059	TUBB3
WP2059	MIR29C
WP2059	FRAT1
WP2059	CSNK1E
WP2059	SFRP4
WP2059	ITPR3
WP2059	MME
WP2059	CASP12
WP2059	MIR33B
WP2059	ULK2
WP2059	KLC3
WP2059	KLC1
WP2059	KLC4
WP2059	SLC25A4
WP2059	KIF5A
WP2059	KIF5B
WP2059	KLC2
WP2059	MIR138-2
WP2059	TUBB8
WP2059	MIR29A
WP2059	WIPI1
WP2059	ATG2A
WP2059	APC2
WP2059	ATG101
WP2059	GPR83
WP2059	WIPI2
WP2059	MIR9-1
WP2059	MIR132
WP2059	NOX1
WP2059	LRP1
WP2059	MIR375
WP2059	SLC25A5
WP2059	SNCA
WP2059	MCU
WP2059	BACE1
WP2059	PSENEN
WP2059	APBB1
WP2059	TUBB
WP2059	MIR30C2
WP2059	NAE1
WP2059	KIF5C
WP2059	TUBA3D
WP2059	TUBA3C
WP2059	PPIF
WP2059	SLC25A31
WP2059	AGER
WP2371	SYT11
WP2371	PRKN
WP2371	PINK1
WP2371	UBB
WP2371	LRRK2
WP2371	MAPK14
WP2371	DDC
WP2371	APAF1
WP2371	HTRA2
WP2371	CYCS
WP2371	MAPK11
WP2371	MAPK13
WP2371	MAPK12
WP2371	SLC6A3
WP2371	TH
WP2371	CASP2
WP2371	CASP3
WP2371	CASP6
WP2371	CASP7
WP2371	CASP9
WP2371	CCNE1
WP2371	UCHL1
WP2371	MIRLET7G
WP2371	MIR34C
WP2371	MIR34B
WP2371	CCNE2
WP2371	PARK7
WP2371	MIR128-1
WP2371	MIR132
WP2371	MIR375
WP2371	MIR30E
WP2371	GPR37
WP2371	SNCA
WP2371	UBE2L6
WP2371	SNCAIP
WP2371	UBE2G1
WP2371	MIR19A
WP2371	ATXN2
WP2371	UBE2J2
WP2371	UBE2J1
WP2371	UBA1
WP2371	UBA7
WP2371	UBE2G2
WP2371	UBE2L3
WP2371	MIR18A
WP2371	EPRS1
WP2371	SEPTIN5
WP2447	PRPH
WP2447	ALS2
WP2447	TNFRSF1A
WP2447	MAPK14
WP2447	DAXX
WP2447	APAF1
WP2447	MAP3K5
WP2447	NOS1
WP2447	PPP3CA
WP2447	MAP2K2
WP2447	MAP2K6
WP2447	BAD
WP2447	BAX
WP2447	RAC1
WP2447	BCL2
WP2447	BCL2L1
WP2447	BID
WP2447	TNF
WP2447	TP53
WP2447	CASP1
WP2447	CASP3
WP2447	CASP9
WP2447	CAT
WP2447	GPX1
WP2447	GRIA1
WP2447	SOD1
WP2447	NEFH
WP2447	NEFM
WP2447	RAB5A
WP2447	NEFL
WP2447	PPP3CB
WP2447	PPP3CC
WP2447	CST3
WP2447	CASP12
WP2447	CCS
WP2447	TOMM40
WP2447	SLC1A2
WP2447	DERL1
WP3569	UBC
WP3569	RPS27A
WP3569	UBA52
WP3569	UBB
WP3569	EME2
WP3569	CENPX
WP3569	FANCG
WP3569	FANCA
WP3569	USP1
WP3569	ERCC1
WP3569	RPA2
WP3569	RPA1
WP3569	RPA3
WP3569	FANCC
WP3569	FAAP100
WP3569	ATR
WP3569	FAAP20
WP3569	DCLRE1A
WP3569	POLN
WP3569	SLX4
WP3569	FANCM
WP3569	CENPS
WP3569	FANCB
WP3569	WDR48
WP3569	ATRIP
WP3569	ERCC4
WP3569	EME1
WP3569	MUS81
WP3569	SLX1A
WP3569	SLX1B
WP3569	FAAP24
WP3569	FANCD2
WP3569	DCLRE1B
WP3569	FANCE
WP3569	UBE2T
WP3569	FANCF
WP3569	FANCI
WP3569	FANCL
WP3569	FAN1
WP3584	MTOR
WP3584	POU4F1
WP3584	MEF2C
WP3584	IGF1
WP3584	FGF4
WP3584	FKBP5
WP3584	E2F1
WP3584	SMC3
WP3584	HDAC1
WP3584	CREB1
WP3584	SGK1
WP3584	RPS6
WP3584	FGF5
WP3584	FGF2
WP3584	IGF1R
WP3584	AKT1
WP3584	MECP2
WP3584	PTEN
WP3584	BDNF
WP3584	SP1
WP3584	FGF3
WP3584	NF1
WP3584	CDON
WP3584	YBX1
WP3584	CAMK2A
WP3584	FUS
WP3584	MAG
WP3584	EZH2
WP3584	GAMT
WP3584	PRPF38A
WP3584	DHX9
WP3584	GRIA1
WP3584	SST
WP3584	HNRNPH1
WP3584	SIN3A
WP3584	HNRNPF
WP3584	CNP
WP3584	GRIN1
WP3584	MBP
WP3584	OPRK1
WP3584	TET1
WP3584	TET2
WP3584	SP3
WP3584	TET3
WP3584	MYT1
WP3584	GABRR2
WP3584	GAD1
WP3584	NCOR1
WP3584	CEBPD
WP3584	UBE3A
WP3584	IGF2
WP3584	TAP1
WP3584	APOC2
WP3584	RBFOX1
WP3584	REST
WP3584	GPRIN1
WP3584	FOXG1
WP3584	ARHGEF26
WP3584	DLX6
WP3584	DLX5
WP3584	BCL6
WP3584	GRIA3
WP3584	GRIA4
WP3584	PSIP1
WP3584	TARDBP
WP3584	MPP1
WP3584	NREP
WP3584	GRID1
WP3584	CTCF
WP3584	POU3F2
WP3584	FUT8
WP3584	TAF1
WP3584	CSRP1
WP3853	MAPK1
WP3853	ELK1
WP3853	MAP2K7
WP3853	RPS6KA5
WP3853	CREB1
WP3853	RAF1
WP3853	EGF
WP3853	EGFR
WP3853	NTRK2
WP3853	GRM1
WP3853	CASP3
WP3853	CASP7
WP3853	HRAS
WP3853	BDNF
WP3853	HTT
WP3995	MEF2C
WP3995	MAPK1
WP3995	ELK1
WP3995	FYN
WP3995	FGFR1
WP3995	EP300
WP3995	MAPK3
WP3995	SMC3
WP3995	NFKB1
WP3995	TBP
WP3995	CREB1
WP3995	CASP3
WP3995	RAD21
WP3995	HSP90B1
WP3995	STAT3
WP3995	PTK2
WP3995	BCL2
WP3995	RXRA
WP3995	HSPA5
WP3995	NCAM1
WP3995	PRNP
WP3995	CHD2
WP3995	SPI1
WP3995	PAX5
WP3995	CASP12
WP3995	IRF4
WP3995	EBF1
WP3995	BATF
WP3995	POU2F2
WP3995	CTCF
WP3995	PDIA3
WP3995	BCL11A
WP3995	RFX5
WP3998	PRKCZ
WP3998	E2F1
WP3998	OCA2
WP3998	HERC2
WP3998	NGF
WP3998	HTR2C
WP3998	MSX1
WP3998	SLC45A2
WP3998	MDM4
WP3998	FSHB
WP3998	GHRH
WP3998	CGA
WP3998	LHB
WP3998	TP53
WP3998	CDK4
WP3998	CDKN2A
WP3998	MDM2
WP3998	SNRPN
WP3998	GABRG2
WP3998	ATP10A
WP3998	GABRB3
WP3998	GABRG3
WP3998	GABRA5
WP3998	CYFIP1
WP3998	GABRR3
WP3998	GABRR1
WP3998	GABRR2
WP3998	UBE3A
WP3998	CDC6
WP3998	NDN
WP3998	GABRD
WP3998	MAGEL2
WP3998	OXT
WP3998	GHRL
WP3998	PCM1
WP3998	DLX5
WP3998	BBS4
WP3998	SNURF
WP3998	NIPA2
WP3998	FEZ1
WP3998	GABRG1
WP3998	NIPA1
WP3998	NHLH2
WP3998	MKRN3
WP3998	NPAP1
WP3998	SNORD109B
WP3998	PWRN1
WP3998	SNORD109A
WP3998	TUBGCP5
WP3998	SNORD107
WP3998	SNORD64
WP3998	PCSK1
WP3998	CCND2
WP3998	POMC
WP3998	INS
WP3998	RB1
WP3998	TYR
WP3998	BDNF
WP3998	CCND1
WP3998	GNRH1
WP3998	TACR3
WP3998	CDKN2B
WP3998	CDKN2C
WP3998	CDK6
WP3998	KISS1
WP3998	FEZ2
WP4153	GLB1
WP4153	HEXA
WP4153	ARSA
WP4153	GLA
WP4153	GM2A
WP4153	HEXB
WP4153	NEU1
WP4153	NEU3
WP4153	NEU2
WP4153	NEU4
WP4156	PTS
WP4156	GCH1
WP4157	DPEP1
WP4157	ALDH5A1
WP4157	ABAT
WP4157	PON3
WP4157	AKR7A2
WP4157	ADHFE1
WP4220	MAOA
WP4220	TH
WP4220	DDC
WP4220	DBH
WP4224	HPRT1
WP4224	ADA
WP4224	GART
WP4224	PAICS
WP4224	PPAT
WP4224	AOX1
WP4224	PNP
WP4224	APRT
WP4224	IMPDH1
WP4224	AMPD1
WP4224	ADSS2
WP4224	ADSL
WP4224	ATIC
WP4224	XDH
WP4224	PRPS1
WP4224	DGUOK
WP4224	ITPA
WP4224	RRM2B
WP4224	MAT2A
WP4224	TPMT
WP4224	GRM5
WP4224	PFAS
WP4225	TYMS
WP4225	UMPS
WP4225	CAD
WP4225	GLS2
WP4225	DPYD
WP4225	RRM2
WP4225	RRM2B
WP4225	RRM1
WP4225	OTC
WP4225	CPS1
WP4225	DHODH
WP4225	TK2
WP4225	TYMP
WP4225	DPYS
WP4225	NT5C
WP4225	NT5C3A
WP4225	UPB1
WP4228	PNPO
WP4228	ALDH7A1
WP4228	AASS
WP4228	PIGV
WP4236	FH
WP4236	SUCLA2
WP4236	DLST
WP4236	SUCLG2
WP4236	SUCLG1
WP4236	DHTKD1
WP4236	PDHX
WP4259	MTHFD1
WP4259	TYMS
WP4259	GART
WP4259	SHMT2
WP4259	ATIC
WP4259	MTHFR
WP4259	SLC46A1
WP4259	MTR
WP4259	MTHFS
WP4259	DHFR
WP4259	ALDH1L1
WP4259	FTCD
WP4259	FOLR1
WP4271	MTR
WP4271	CBLIF
WP4271	TCN2
WP4271	MTRR
WP4271	CUBN
WP4271	TCN1
WP4271	MMUT
WP4271	MMAA
WP4271	MMAB
WP4271	AMN
WP4271	MMADHC
WP4271	CD320
WP4271	MMACHC
WP4288	COMT
WP4288	CASP9
WP4288	CASP3
WP4288	ASMT
WP4288	DNMT3B
WP4288	DNMT1
WP4288	MTHFR
WP4288	DNMT3A
WP4288	CHDH
WP4288	EHMT1
WP4288	EHMT2
WP4288	CYCS
WP4288	GRIN2A
WP4288	GRIN1
WP4288	BHMT
WP4288	PEMT
WP4288	GRIN2D
WP4288	CHKA
WP4288	PCYT1A
WP4288	CHPT1
WP4288	HNMT
WP4288	ALDH7A1
WP4288	NDUFAF7
WP4288	MARS1
WP4292	CTH
WP4292	CBS
WP4292	AHCY
WP4292	MAT1A
WP4292	ADK
WP4292	BHMT
WP4292	MAT2B
WP4292	MTR
WP4292	GNMT
WP4292	CDO1
WP4292	CSAD
WP4297	OGDH
WP4297	PDHA1
WP4297	TKT
WP4297	BCKDK
WP4297	SLC19A2
WP4297	SLC25A19
WP4297	SLC19A3
WP4297	TPK1
WP4297	BCKDHA
WP4298	PABPC1
WP4298	EIF4G1
WP4298	ACTB
WP4298	MAPK1
WP4298	CD40LG
WP4298	IFNG
WP4298	CD80
WP4298	TLR4
WP4298	ITGB2
WP4298	SOCS1
WP4298	SRC
WP4298	TICAM1
WP4298	ITGAL
WP4298	FYN
WP4298	CASP8
WP4298	GSK3B
WP4298	BAX
WP4298	ABL1
WP4298	MMP9
WP4298	MAPK3
WP4298	TGFB1
WP4298	CASP2
WP4298	CCND1
WP4298	IL12B
WP4298	STAT1
WP4298	SOS1
WP4298	CREB1
WP4298	RAC2
WP4298	CASP9
WP4298	IL6
WP4298	IL10
WP4298	CASP6
WP4298	AKT1
WP4298	PIK3R1
WP4298	RASA1
WP4298	DFFA
WP4298	JAK1
WP4298	CASP3
WP4298	CASP7
WP4298	ILK
WP4298	ENDOG
WP4298	STAT3
WP4298	IL12A
WP4298	DFFB
WP4298	RAC3
WP4298	BCL2L1
WP4298	PTCRA
WP4298	BCL2
WP4298	CYCS
WP4298	CCR3
WP4298	CD55
WP4298	LAMA2
WP4298	TNF
WP4298	CD4
WP4298	NFKB2
WP4298	PYCARD
WP4298	CAV1
WP4298	ABL2
WP4298	PARP1
WP4298	TLR3
WP4298	TLR5
WP4298	AIF1
WP4298	CXCR4
WP4298	CCR5
WP4298	DAG1
WP4298	KRT8
WP4298	DMD
WP4298	EIF4G2
WP4298	CAAP1
WP4298	SGCG
WP4298	SGCA
WP4298	CHRAC1
WP4298	BNIP2
WP4298	MYH6
WP4298	SGCB
WP4298	HLA-DMA
WP4298	SGCD
WP4298	IL2
WP4298	BID
WP4298	NOS1
WP4298	CASP1
WP4298	EDN1
WP4298	NOD2
WP4298	CXADR
WP4298	MICA
WP4299	ZMPSTE24
WP4299	LMNA
WP4299	ICMT
WP4312	MEF2C
WP4312	SMC1A
WP4312	HDAC1
WP4312	BRAF
WP4312	CRK
WP4312	MECP2
WP4312	NCOR2
WP4312	XAB2
WP4312	ACTL6B
WP4312	GNAO1
WP4312	HDAC5
WP4312	TAF1B
WP4312	SATB2
WP4312	GRIN2A
WP4312	TRRAP
WP4312	SYNGAP1
WP4312	GRIN2B
WP4312	SMARCA4
WP4312	GABBR2
WP4312	GABRA3
WP4312	SMARCA2
WP4312	NCOR1
WP4312	KCNJ10
WP4312	TCF4
WP4312	SYNE2
WP4312	TBL1X
WP4312	CHD4
WP4312	GPS2
WP4312	STXBP1
WP4312	TBL1XR1
WP4312	CDKL5
WP4312	RHOBTB2
WP4312	HIVEP2
WP4312	CECR2
WP4312	SMARCA1
WP4312	KDM5B
WP4312	EIF2B2
WP4312	SCN2A
WP4312	SCN1A
WP4312	HDAC8
WP4312	HAP1
WP4312	FOXG1
WP4312	SRRM3
WP4312	IMPDH2
WP4312	GABRD
WP4312	SCN8A
WP4312	HTT
WP4312	SHANK3
WP4320	KDM1A
WP4320	SREBF1
WP4320	E2F1
WP4320	HDAC1
WP4320	INPP5K
WP4320	RB1
WP4320	TP53
WP4320	HDAC2
WP4320	CBX5
WP4320	RBBP7
WP4320	MBD2
WP4320	RBBP4
WP4320	CHD3
WP4320	LEF1
WP4320	MTA1
WP4320	MTA3
WP4320	MBD3
WP4320	SUV39H1
WP4320	CBX1
WP4320	CHD4
WP4320	CBX3
WP4320	MTA2
WP4320	H3C1
WP4320	H3C10
WP4320	H3C11
WP4320	H3C12
WP4320	H3C2
WP4320	H3C3
WP4320	H3C4
WP4320	H3C6
WP4320	H3C7
WP4320	H3C8
WP4320	H3-3A
WP4320	H3-3B
WP4320	H3C13
WP4320	H3C14
WP4320	H3C15
WP4504	AHCY
WP4504	MAT1A
WP4504	SUOX
WP4504	GCLC
WP4504	BHMT
WP4504	MTR
WP4504	CTH
WP4504	CBS
WP4504	GSS
WP4504	CDO1
WP4504	CSAD
WP4504	GOT1
WP4504	MPST
WP4504	ETHE1
WP4504	SQOR
WP4506	HPD
WP4506	FAH
WP4506	TAT
WP4506	HGD
WP4507	SUOX
WP4507	AOX1
WP4507	XDH
WP4507	GPHN
WP4507	MTARC2
WP4507	MOCS1
WP4507	MOCS2
WP4518	GCLC
WP4518	GGT1
WP4518	GSS
WP4518	OPLAH
WP4518	DPEP1
WP4518	GGCT
WP4519	IDH2
WP4519	ALDH7A1
WP4519	MDH2
WP4519	GCDH
WP4519	ACY1
WP4519	L2HGDH
WP4519	ADHFE1
WP4519	D2HGDH
WP4521	B4GALT1
WP4521	ALG6
WP4521	DPM1
WP4521	DPM2
WP4521	DPM3
WP4521	PMM2
WP4521	ALG1
WP4521	MOGS
WP4521	MGAT2
WP4521	TUSC3
WP4521	MAGT1
WP4521	ALG14
WP4521	MPDU1
WP4521	MPI
WP4521	ALG11
WP4521	ALG3
WP4521	ALG12
WP4521	ALG8
WP4521	DPAGT1
WP4521	ALG2
WP4521	ALG9
WP4521	SRD5A3
WP4521	ALG13
WP4521	DOLK
WP4521	GMPPB
WP4522	LPL
WP4522	LDLR
WP4522	ABCA1
WP4522	PCSK9
WP4522	APOE
WP4522	CETP
WP4522	LCAT
WP4522	LIPC
WP4522	MTTP
WP4522	LIPG
WP4522	APOB
WP4522	APOA1
WP4522	APOA2
WP4522	SCARB1
WP4522	ANXA2
WP4522	APOC2
WP4522	LDLRAP1
WP4523	CYP19A1
WP4523	CYP17A1
WP4523	SRD5A2
WP4523	HSD17B3
WP4523	CYP11A1
WP4523	STAR
WP4523	CYP11B1
WP4523	CYP11B2
WP4523	HSD3B2
WP4523	HSD3B1
WP4523	CYP21A2
WP4523	CYB5A
WP4523	POR
WP4523	HSD11B1
WP4523	HSD11B2
WP4523	H6PD
WP4524	AKR1C2
WP4524	AKR1C4
WP4524	CYP17A1
WP4524	SRD5A2
WP4524	HSD17B3
WP4524	CYP11A1
WP4524	STAR
WP4524	HSD3B2
WP4524	HSD17B6
WP4524	CYB5A
WP4524	POR
WP4535	YY1AP1
WP4535	MAPK1
WP4535	SRF
WP4535	TAFAZZIN
WP4535	ADCY1
WP4535	ADCY2
WP4535	ADCY3
WP4535	ADCY5
WP4535	ADCY6
WP4535	ADCY7
WP4535	ADCY8
WP4535	ADCY9
WP4535	ADCY4
WP4535	CCN2
WP4535	HRAS
WP4535	GRB2
WP4535	RHOA
WP4535	SMAD4
WP4535	NRAS
WP4535	SMAD2
WP4535	KRAS
WP4535	SMAD3
WP4535	MAP3K9
WP4535	MAPK3
WP4535	MAP2K1
WP4535	MAP2K2
WP4535	SOS1
WP4535	SOS2
WP4535	TGFB1
WP4535	CFL1
WP4535	LBR
WP4535	TGFB2
WP4535	TGFB3
WP4535	EMD
WP4535	LEMD3
WP4535	ADCY10
WP4535	TMPO
WP4535	SYNE2
WP4535	SYNE1
WP4535	SUN1
WP4535	KIF5B
WP4535	PLEC
WP4535	BANF1
WP4535	SYNE4
WP4535	TMEM43
WP4535	SYNE3
WP4540	MTOR
WP4540	TEAD3
WP4540	TEAD2
WP4540	TEAD1
WP4540	TEAD4
WP4540	CTNNB1
WP4540	GNAQ
WP4540	MST1
WP4540	NF2
WP4540	PRKAG2
WP4540	PRKAG3
WP4540	YY1AP1
WP4540	PRKAA1
WP4540	PRKAA2
WP4540	PRKAB1
WP4540	PRKAB2
WP4540	PRKAG1
WP4540	STK3
WP4540	TAFAZZIN
WP4540	CDH1
WP4540	LATS1
WP4540	FLT4
WP4540	NGFR
WP4540	FGFR2
WP4540	FGFR3
WP4540	FGFR1
WP4540	FLT1
WP4540	MET
WP4540	PDGFRB
WP4540	TEK
WP4540	FLT3
WP4540	KDR
WP4540	PDGFRA
WP4540	IGF1R
WP4540	EPHA2
WP4540	EGFR
WP4540	NTRK2
WP4540	KIT
WP4540	FGFR4
WP4540	INSR
WP4540	CSF1R
WP4540	CDH11
WP4540	GNAI2
WP4540	GNAL
WP4540	GNAS
WP4540	GNA11
WP4540	GNAI3
WP4540	SMAD2
WP4540	SMAD3
WP4540	RHOA
WP4540	PRKCB
WP4540	PRKCZ
WP4540	RAC1
WP4540	CDC42
WP4540	NTRK1
WP4540	PRKD3
WP4540	PLCB1
WP4540	PRKCE
WP4540	PRKACG
WP4540	PRKCH
WP4540	PRKCA
WP4540	PLCB3
WP4540	PRKCG
WP4540	PRKACB
WP4540	PRKCQ
WP4540	PRKACA
WP4540	PRKCD
WP4540	TCF7
WP4540	LEF1
WP4540	TCF7L2
WP4540	TCF7L1
WP4540	CDH2
WP4540	PLCB2
WP4540	PLCB4
WP4540	PRKAR1A
WP4540	PRKAR1B
WP4540	PRKAR2A
WP4540	PRKAR2B
WP4540	CDH13
WP4540	PRKCI
WP4540	CDH3
WP4540	CDH4
WP4540	CDH5
WP4540	CDH6
WP4540	CDH8
WP4540	CDH9
WP4540	CDH10
WP4540	CDH12
WP4540	CDH15
WP4540	CDH18
WP4540	CDH24
WP4540	CDH7
WP4540	CDH17
WP4540	LATS2
WP4540	CDH16
WP4540	CDH20
WP4540	CDH19
WP4540	CDH22
WP4541	ITGA7
WP4541	ITGA1
WP4541	ITGA11
WP4541	ITGA3
WP4541	ITGA4
WP4541	ITGA6
WP4541	ITGA8
WP4541	ITGA9
WP4541	ITGAV
WP4541	ITGB1
WP4541	ITGB2
WP4541	ITGB6
WP4541	TEAD3
WP4541	TEAD2
WP4541	TEAD1
WP4541	TEAD4
WP4541	ITGB3
WP4541	ITGB4
WP4541	ITGB5
WP4541	ITGB7
WP4541	ITGB8
WP4541	PAK4
WP4541	CTNNA1
WP4541	CTNNB1
WP4541	MST1
WP4541	NF2
WP4541	PAK1
WP4541	PAK2
WP4541	PAK3
WP4541	YY1AP1
WP4541	PAK6
WP4541	PAK5
WP4541	SAV1
WP4541	STK3
WP4541	TAFAZZIN
WP4541	LATS1
WP4541	CDH1
WP4541	FLT4
WP4541	NGFR
WP4541	FGFR2
WP4541	FGFR3
WP4541	FGFR1
WP4541	FLT1
WP4541	MET
WP4541	PDGFRB
WP4541	TEK
WP4541	FLT3
WP4541	KDR
WP4541	PDGFRA
WP4541	IGF1R
WP4541	EPHA2
WP4541	EGFR
WP4541	NTRK2
WP4541	KIT
WP4541	FGFR4
WP4541	INSR
WP4541	CSF1R
WP4541	ITGA10
WP4541	ITGA2
WP4541	ITGA2B
WP4541	ITGA5
WP4541	ITGAD
WP4541	ITGAE
WP4541	ITGAL
WP4541	ITGAM
WP4541	ITGAX
WP4541	CDH11
WP4541	CCN2
WP4541	CXCL10
WP4541	HRAS
WP4541	NRAS
WP4541	PPP1CB
WP4541	KRAS
WP4541	MYC
WP4541	PPP1CC
WP4541	PTK2
WP4541	CCND1
WP4541	NTRK1
WP4541	PPP1R12A
WP4541	RBX1
WP4541	PRKACB
WP4541	PPP1CA
WP4541	PRKACG
WP4541	PRKACA
WP4541	CDH2
WP4541	DDB1
WP4541	PLCB4
WP4541	PRKAR1A
WP4541	PRKAR1B
WP4541	PRKAR2A
WP4541	PRKAR2B
WP4541	CUL4A
WP4541	AJUBA
WP4541	CD44
WP4541	CDH13
WP4541	CDH3
WP4541	CDH4
WP4541	CDH5
WP4541	CDH6
WP4541	CDH8
WP4541	CDH9
WP4541	CDH10
WP4541	CDH12
WP4541	CDH15
WP4541	CDH18
WP4541	CDH24
WP4541	CDH7
WP4541	CDH17
WP4541	LATS2
WP4541	LIN28B
WP4541	FOXM1
WP4541	MIR98
WP4541	DCAF1
WP4541	CDH16
WP4541	AMOT
WP4541	CDH20
WP4541	CDH19
WP4541	CDH22
WP4541	PPP1R14A
WP4541	VGLL4
WP4545	CYP3A4
WP4545	CYP8B1
WP4545	SCP2
WP4545	ACOX2
WP4545	AKR1C4
WP4545	AKR1D1
WP4545	AMACR
WP4545	BAAT
WP4545	CYP27A1
WP4545	CYP39A1
WP4545	HSD3B7
WP4545	SLC27A2
WP4545	SLC27A5
WP4545	LBP
WP4545	DBP
WP4545	ACOT8
WP4545	CYP7B1
WP4545	CH25H
WP4545	ESR1
WP4545	CYP7A1
WP4545	ESR2
WP4545	CYP46A1
WP4545	EPHX2
WP4545	ACOT7
WP4545	ACOT2
WP4545	NR1H2
WP4545	EBP
WP4545	ACOT6
WP4545	ACOT1
WP4545	THEM5
WP4545	ACOT4
WP4545	ACOT11
WP4545	ACOT12
WP4545	ACOT13
WP4545	DHCR7
WP4545	ACOT9
WP4545	INSIG1
WP4545	NR1I2
WP4545	IL17A
WP4545	RORC
WP4545	GPR183
WP4545	IL17F
WP4545	IL17D
WP4545	IL25
WP4545	IL17C
WP4545	IL17B
WP4549	EIF4G1
WP4549	EIF4EBP2
WP4549	MTOR
WP4549	MAPK1
WP4549	SRC
WP4549	FYN
WP4549	GABRA1
WP4549	PIK3CB
WP4549	CAMK2B
WP4549	PPP2R5B
WP4549	ALDH3A2
WP4549	ARAF
WP4549	MMP9
WP4549	FMR1
WP4549	TSC2
WP4549	RHEB
WP4549	RPS6KB1
WP4549	GAB1
WP4549	SOS1
WP4549	CREB1
WP4549	MAP2K2
WP4549	RAF1
WP4549	KRAS
WP4549	PPP3CA
WP4549	CLTC
WP4549	RPTOR
WP4549	AKT1
WP4549	CDKN2A
WP4549	NTRK2
WP4549	ITPR1
WP4549	EIF4E
WP4549	GRM1
WP4549	BRAF
WP4549	SHC1
WP4549	TSC1
WP4549	MLST8
WP4549	MAP2K1
WP4549	MECP2
WP4549	PTEN
WP4549	BDNF
WP4549	GRB2
WP4549	PTPN11
WP4549	NF1
WP4549	ARC
WP4549	AKT1S1
WP4549	CAMK2A
WP4549	PRKACA
WP4549	EPHA4
WP4549	CLTA
WP4549	AGO2
WP4549	PLCG1
WP4549	CAMK1
WP4549	APP
WP4549	PDK1
WP4549	PRKCA
WP4549	GRIA1
WP4549	DEPTOR
WP4549	EIF4A1
WP4549	PPP1CA
WP4549	GRIN1
WP4549	PLCB1
WP4549	GRIN2A
WP4549	SYNGAP1
WP4549	GRIN2B
WP4549	RAP1GAP
WP4549	MKNK1
WP4549	DNM2
WP4549	DUSP3
WP4549	PRKAR1A
WP4549	GABRG2
WP4549	DLG4
WP4549	SLC6A1
WP4549	GPHN
WP4549	DAG1
WP4549	CYFIP2
WP4549	CLTCL1
WP4549	DICER1
WP4549	ALDH5A1
WP4549	GAD1
WP4549	TARBP2
WP4549	GABRB2
WP4549	CAMK4
WP4549	AP2M1
WP4549	CLTB
WP4549	ABAT
WP4549	CYFIP1
WP4549	AP2B1
WP4549	AP2S1
WP4549	CNR1
WP4549	HOMER1
WP4549	AKAP5
WP4549	AP2A1
WP4549	CPT1A
WP4549	GRIA2
WP4549	SH3GL3
WP4549	GRM5
WP4549	GABRD
WP4549	PICK1
WP4549	SH3GL1
WP4549	GRIP1
WP4549	TELO2
WP4549	TTI1
WP4549	HOXB8
WP4549	MAP1B
WP4549	ARHGAP32
WP4549	AGAP2
WP4549	GRIP2
WP4549	TBC1D7
WP4549	SHANK1
WP4549	PTPN5
WP4549	DNM1
WP4549	EEF1A1
WP4577	MTOR
WP4577	ATG5
WP4577	MAP1LC3A
WP4577	PRKAA1
WP4577	ATG12
WP4577	ULK1
WP4577	PIK3C3
WP4577	TSC2
WP4577	RHEB
WP4577	STK11
WP4577	RPTOR
WP4577	TSC1
WP4577	MLST8
WP4577	MECP2
WP4577	PIK3R4
WP4577	AKT1S1
WP4577	ACACA
WP4577	SPTLC1
WP4577	FA2H
WP4577	BECN1
WP4577	DEPTOR
WP4577	GTPBP2
WP4577	PLA2G6
WP4577	RB1CC1
WP4577	CP
WP4577	ATG16L1
WP4577	FTL
WP4577	ATG14
WP4577	ATG3
WP4577	ATG10
WP4577	ATP13A2
WP4577	ATG13
WP4577	ATG7
WP4577	ATG4A
WP4577	COASY
WP4577	WIPI1
WP4577	ATG2A
WP4577	DCAF17
WP4577	SCP2
WP4577	ATG101
WP4577	C19orf12
WP4577	WIPI2
WP4577	WDR45
WP4577	PANK2
WP4595	NOS2
WP4595	GLUD1
WP4595	GOT2
WP4595	FH
WP4595	NOS3
WP4595	NOS1
WP4595	PYCR1
WP4595	MDH2
WP4595	GLS2
WP4595	ARG1
WP4595	MDH1
WP4595	LDHB
WP4595	GPT
WP4595	OAT
WP4595	OTC
WP4595	ASS1
WP4595	ASL
WP4595	CPS1
WP4595	NAGS
WP4595	GOT1
WP4595	ALDH4A1
WP4595	SLC25A12
WP4595	SLC25A13
WP4595	SLC25A15
WP4656	MTOR
WP4656	MRE11
WP4656	RHOA
WP4656	RHEB
WP4656	DVL1
WP4656	RAD50
WP4656	ATF4
WP4656	ATM
WP4656	DVL3
WP4656	SHH
WP4656	RAB8A
WP4656	KAT5
WP4656	CCP110
WP4656	SUFU
WP4656	PARP1
WP4656	FLNA
WP4656	INVS
WP4656	ARL2
WP4656	MKS1
WP4656	OFD1
WP4656	RPGRIP1L
WP4656	MYO6
WP4656	MYO5A
WP4656	CEP290
WP4656	B9D2
WP4656	ARL13B
WP4656	CC2D2A
WP4656	PCM1
WP4656	PIBF1
WP4656	KIAA0586
WP4656	RP2
WP4656	ZNF423
WP4656	CSPP1
WP4656	CEP41
WP4656	B9D1
WP4656	UNC119
WP4656	CEP164
WP4656	NPHP3
WP4656	CEP104
WP4656	TCTN3
WP4656	ARR3
WP4656	BBS9
WP4656	BBS2
WP4656	RAB3IP
WP4656	NPHP4
WP4656	PDE6A
WP4656	PDE6B
WP4656	AHI1
WP4656	ARMC9
WP4656	ARL3
WP4656	BBS7
WP4656	BBS4
WP4656	NPHP1
WP4656	INPP5E
WP4656	TMEM138
WP4656	TMEM237
WP4656	PDE6D
WP4656	NEK8
WP4656	BBS5
WP4656	TMEM67
WP4656	ANKS6
WP4656	TTC8
WP4656	TCTN2
WP4656	CEP120
WP4656	BBS1
WP4656	CEP97
WP4656	PDE6G
WP4656	TMEM17
WP4656	TMEM216
WP4656	CPLANE1
WP4656	TCTN1
WP4656	TMEM231
WP4656	CETN2
WP4656	PCNT
WP4656	CETN1
WP4656	NIN
WP4657	ACTA2
WP4657	SRF
WP4657	PAK4
WP4657	ACTC1
WP4657	NKX2-5
WP4657	PRKN
WP4657	FGFR2
WP4657	FGF10
WP4657	CDC42
WP4657	SREBF1
WP4657	FGFR1
WP4657	XPO1
WP4657	COMT
WP4657	SERPIND1
WP4657	FGF8
WP4657	VWF
WP4657	HES1
WP4657	FOXA2
WP4657	ALDH1A2
WP4657	RAF1
WP4657	TP53
WP4657	EGFR
WP4657	GLUD1
WP4657	SHH
WP4657	PLK1
WP4657	GBX2
WP4657	GP9
WP4657	BCL2
WP4657	GP5
WP4657	POLR2A
WP4657	SLC2A4
WP4657	GP1BA
WP4657	RELN
WP4657	SREBF2
WP4657	GP1BB
WP4657	PPP1CB
WP4657	H4C1
WP4657	CYP26B1
WP4657	RTN4R
WP4657	CUL3
WP4657	UFD1
WP4657	CBX5
WP4657	CRKL
WP4657	RBX1
WP4657	MAG
WP4657	SHOC2
WP4657	KPNB1
WP4657	RTN4
WP4657	RAN
WP4657	ARNTL
WP4657	FOXC1
WP4657	CDC45
WP4657	DROSHA
WP4657	DGCR8
WP4657	DRD2
WP4657	HDAC3
WP4657	FOXC2
WP4657	CLTCL1
WP4657	NCOR1
WP4657	CLDN1
WP4657	CLDN5
WP4657	TXNRD2
WP4657	TNPO1
WP4657	CYP26A1
WP4657	RANGAP1
WP4657	CDH15
WP4657	HAND2
WP4657	CLDN3
WP4657	MALT1
WP4657	RCC1
WP4657	CYP26C1
WP4657	OAT
WP4657	ZDHHC8
WP4657	RORC
WP4657	PAX3
WP4657	P2RX6
WP4657	RANBP1
WP4657	PI4KA
WP4657	ALDH4A1
WP4657	KLHL22
WP4657	SLC25A1
WP4657	MRPL40
WP4657	GSC2
WP4657	DGCR2
WP4657	CHRD
WP4657	ARVCF
WP4657	TRMT2A
WP4657	MED15
WP4657	SNAP29
WP4657	LZTR1
WP4657	SLC7A4
WP4657	PRODH
WP4657	ESS2
WP4657	HIRA
WP4657	DEPDC5
WP4657	NPRL3
WP4657	ASF1A
WP4657	NPRL2
WP4657	TSKS
WP4657	DGCR6L
WP4657	SEPTIN11
WP4657	HIRIP3
WP4657	USP41
WP4657	TUBA3FP
WP4657	EMC10
WP4657	PITX2
WP4657	SEPTIN8
WP4657	BCRP2
WP4657	FAM230E
WP4657	TANGO2
WP4657	AIFM3
WP4657	TBX1
WP4657	THAP7
WP4657	SEPTIN5
WP4657	ZNF74
WP4657	GNB1L
WP4657	LRRC74B
WP4657	FAM230G
WP4657	P2RX6P
WP4657	TSSK2
WP4657	RNU6-225P
WP4657	RTL10
WP4657	BCRP7
WP4657	POM121L4P
WP4657	SMPD4P1
WP4657	TMEM191A
WP4657	ABHD17AP4
WP4657	TSSK1A
WP4657	KRT18P62
WP4657	CCDC188
WP4657	BCRP5
WP4657	LINC00896
WP4657	KRT18P5
WP4657	LINC01637
WP4657	SLC9A3P2
WP4657	POM121L7P
WP4657	CA15P1
WP4657	C22orf39
WP4657	RN7SL812P
WP4657	RN7SL168P
WP4657	SCARF2
WP4657	TUBA3GP
WP4657	CCDC74BP1
WP4657	RNY1P9
WP4657	LINC01311
WP4657	SNORA77B
WP4657	DGCR11
WP4657	IGLL4P
WP4657	LINC00895
WP4673	MMP2
WP4673	THBS1
WP4673	CREBBP
WP4673	NOS2
WP4673	ERCC1
WP4673	FAS
WP4673	RFC1
WP4673	AHRR
WP4673	NOS1
WP4673	ESR1
WP4673	EP300
WP4673	MMP9
WP4673	ERCC2
WP4673	AHR
WP4673	NFE2L2
WP4673	FASLG
WP4673	CLU
WP4673	CAT
WP4673	XRCC3
WP4673	CCNT1
WP4673	CCNA1
WP4673	PSAT1
WP4673	MDM2
WP4673	CDK9
WP4673	BRCA2
WP4673	ESR2
WP4673	CYP1A1
WP4673	ATM
WP4673	NOS3
WP4673	H3-4
WP4673	INSR
WP4673	BCL2
WP4673	NQO1
WP4673	XRCC2
WP4673	TNF
WP4673	OR2W3
WP4673	H4C1
WP4673	UBR2
WP4673	MSH4
WP4673	PON1
WP4673	PUM2
WP4673	CYP26B1
WP4673	SPO11
WP4673	DDX20
WP4673	YBX2
WP4673	LTF
WP4673	POLB
WP4673	TRIP13
WP4673	MOV10L1
WP4673	MLH1
WP4673	SLC46A1
WP4673	XRCC5
WP4673	CCNT2
WP4673	APOB
WP4673	ABCB1
WP4673	FOLH1
WP4673	GNAO1
WP4673	SIRPG
WP4673	CCNK
WP4673	DAZL
WP4673	ABLIM1
WP4673	MTHFD1
WP4673	REC8
WP4673	EPPIN
WP4673	PON2
WP4673	RGS9
WP4673	SOD3
WP4673	SOD2
WP4673	PACRG
WP4673	KDM3A
WP4673	MTR
WP4673	SLC16A7
WP4673	UBE2B
WP4673	MLH3
WP4673	PRM2
WP4673	PMS2
WP4673	H2BW1
WP4673	AGO2
WP4673	CTCFL
WP4673	SEMG1
WP4673	MTRR
WP4673	CRISP2
WP4673	PIWIL1
WP4673	PEMT
WP4673	EPSTI1
WP4673	ARNTL
WP4673	TEX15
WP4673	SOX5
WP4673	USP26
WP4673	PIWIL4
WP4673	CLOCK
WP4673	HMGA1
WP4673	BRDT
WP4673	USP8
WP4673	TSSK4
WP4673	POLG
WP4673	SEPTIN12
WP4673	HORMAD1
WP4673	CDC42BPA
WP4673	PARP1
WP4673	BHMT
WP4673	STRA8
WP4673	CYP17A1
WP4673	XRCC4
WP4673	DDX4
WP4673	XPC
WP4673	CXXC1
WP4673	PEX10
WP4673	LRWD1
WP4673	SPATA17
WP4673	PRDM9
WP4673	RAG1
WP4673	KLK2
WP4673	AR
WP4673	IHO1
WP4673	CHD2
WP4673	LIG4
WP4673	PRM1
WP4673	HORMAD2
WP4673	SHMT1
WP4673	MTHFR
WP4673	TSSK6
WP4673	PRM3
WP4673	TMEM132E
WP4673	VCX
WP4673	PIWIL3
WP4673	TCN2
WP4673	DAZ3
WP4673	DAZ1
WP4673	NANOS1
WP4673	PIWIL2
WP4673	SIRPA
WP4673	PRMT6
WP4673	HLA-DRA
WP4673	MSH5
WP4673	MAS1L
WP4673	DAZ4
WP4673	DAZ2
WP4673	UBD
WP4673	GPX1
WP4673	ETV5
WP4673	TAS2R38
WP4673	SRD5A2
WP4673	DND1
WP4673	MSMB
WP4686	ECHS1
WP4686	HSD17B10
WP4686	ACADSB
WP4686	ACAT1
WP4686	BCAT2
WP4686	DLD
WP4686	DBT
WP4686	BCKDHA
WP4686	BCKDHB
WP4686	IVD
WP4686	HIBADH
WP4686	BCAT1
WP4686	ALDH6A1
WP4686	AUH
WP4686	HIBCH
WP4686	MCCC1
WP4686	MCCC2
WP4686	ACAD8
WP4686	PCCA
WP4686	PCCB
WP4686	MMUT
WP4686	HMGCLL1
WP4686	ACSF3
WP4686	MLYCD
WP4688	TYMS
WP4688	SHMT2
WP4688	PSPH
WP4688	PSAT1
WP4688	SHMT1
WP4688	DHFR
WP4688	PHGDH
WP4688	SRR
WP4746	MTOR
WP4746	CTNNB1
WP4746	SRC
WP4746	ITGB3
WP4746	MAPK1
WP4746	BAD
WP4746	KDM1A
WP4746	RPS6KA6
WP4746	SIRT6
WP4746	FGFR1
WP4746	GSK3B
WP4746	TSC2
WP4746	FGF21
WP4746	RHEB
WP4746	CREB3
WP4746	RPS6KB1
WP4746	PPARGC1A
WP4746	POMC
WP4746	SOS1
WP4746	ATF2
WP4746	AKT3
WP4746	PIK3CA
WP4746	PFKFB2
WP4746	TTF1
WP4746	THRA
WP4746	RAF1
WP4746	CASP9
WP4746	TSHB
WP4746	KLB
WP4746	MDM2
WP4746	RPS6
WP4746	ITGAV
WP4746	SLCO1C1
WP4746	TP53
WP4746	RPTOR
WP4746	NOTCH1
WP4746	FOXO1
WP4746	THRB
WP4746	WNT4
WP4746	SHH
WP4746	TSHR
WP4746	TSC1
WP4746	FRS2
WP4746	MC4R
WP4746	MLST8
WP4746	HRAS
WP4746	GRB2
WP4746	RXRA
WP4746	AKT1S1
WP4746	DIO2
WP4746	MAP2K1
WP4746	MAPK14
WP4746	IYD
WP4746	MGLL
WP4746	ACTL6B
WP4746	SLC26A4
WP4746	ZNF516
WP4746	SLC5A5
WP4746	UCP1
WP4746	SLC16A10
WP4746	TTF2
WP4746	NPY
WP4746	ITPR2
WP4746	PPARG
WP4746	NHSL1
WP4746	TBC1D4
WP4746	SECISBP2L
WP4746	DUOXA2
WP4746	DUOX2
WP4746	PRDM16
WP4746	AGRP
WP4746	AQP7
WP4746	PLIN1
WP4746	TRH
WP4746	MAFA
WP4746	DIO3
WP4746	DIO1
WP4746	MAP4K5
WP4746	ADCY3
WP4746	ADCY8
WP4746	ADRB3
WP4746	SLC16A2
WP4746	MAPKAPK3
WP4746	PLCB1
WP4746	PAX8
WP4746	PRKG2
WP4746	TPO
WP4746	NPR1
WP4746	NPPB
WP4746	PRKACA
WP4746	KDM3B
WP4746	PNPLA2
WP4792	ADA
WP4792	HPRT1
WP4792	PNP
WP4792	APRT
WP4792	IMPDH1
WP4792	AMPD1
WP4792	ADSS2
WP4792	ADSL
WP4792	ATIC
WP4792	XDH
WP4792	PRPS1
WP4792	DGUOK
WP4792	ITPA
WP4803	GLI2
WP4803	NEK2
WP4803	ADCY6
WP4803	PIK3R4
WP4803	EVC
WP4803	GLI3
WP4803	SUFU
WP4803	USP9X
WP4803	SMO
WP4803	GAS8
WP4803	GPR161
WP4803	KIF7
WP4803	EVC2
WP4803	IFT27
WP4803	INVS
WP4803	MKS1
WP4803	ZIC2
WP4803	OFD1
WP4803	POMGNT1
WP4803	IFT52
WP4803	RPGRIP1L
WP4803	IFT57
WP4803	WDR35
WP4803	TTC21B
WP4803	IFT172
WP4803	WDR19
WP4803	IFT122
WP4803	INTU
WP4803	GALNT11
WP4803	DYNC2H1
WP4803	IFT140
WP4803	CEP290
WP4803	CENPF
WP4803	B9D2
WP4803	ARL13B
WP4803	CRX
WP4803	DYNC2I2
WP4803	OCRL
WP4803	DYNC2I1
WP4803	DYNC2LI1
WP4803	CEP19
WP4803	TOPORS
WP4803	DYNLT2B
WP4803	CNGB1
WP4803	CNGA1
WP4803	CC2D2A
WP4803	PIBF1
WP4803	KIAA0586
WP4803	RP2
WP4803	ZNF423
WP4803	CSPP1
WP4803	CEP41
WP4803	B9D1
WP4803	UNC119
WP4803	CEP164
WP4803	NPHP3
WP4803	CEP104
WP4803	TCTN3
WP4803	BBS9
WP4803	BBS2
WP4803	NPHP4
WP4803	AHI1
WP4803	ARL3
WP4803	BBS7
WP4803	BBS4
WP4803	NPHP1
WP4803	INPP5E
WP4803	TMEM138
WP4803	TMEM237
WP4803	PDE6D
WP4803	NEK8
WP4803	BBS5
WP4803	TMEM67
WP4803	ANKS6
WP4803	TTC8
WP4803	TCTN2
WP4803	CEP120
WP4803	BBS1
WP4803	TMEM17
WP4803	TMEM216
WP4803	CPLANE1
WP4803	TCTN1
WP4803	TMEM231
WP4803	TTLL5
WP4803	ZMYND10
WP4803	PKD1
WP4803	SDCCAG8
WP4803	IFT80
WP4803	DNAAF6
WP4803	RPGRIP1
WP4803	EFHC1
WP4803	CLUAP1
WP4803	TULP1
WP4803	CILK1
WP4803	RAB23
WP4803	ARL6
WP4803	DNAH6
WP4803	PKD2
WP4803	IFT43
WP4803	IFT81
WP4803	MKKS
WP4803	TTBK2
WP4803	NEK1
WP4803	CCDC65
WP4803	CCDC40
WP4803	PLK4
WP4803	NME7
WP4803	TBC1D32
WP4803	CEP78
WP4803	SCLT1
WP4803	DNAAF1
WP4803	RAB28
WP4803	PKD1L1
WP4803	CFAP298
WP4803	LZTFL1
WP4803	DNAAF3
WP4803	C2CD3
WP4803	IQCB1
WP4803	CEP83
WP4803	BBS10
WP4803	BBS12
WP4803	HYLS1
WP4803	TRAF3IP1
WP4803	BBIP1
WP4803	CCNQ
WP4803	TRIM32
WP4803	ARL2BP
WP4803	SPATA7
WP4803	KATNIP
WP4803	KIZ
WP4803	RP1
WP4803	SPAG1
WP4803	ODAD1
WP4803	DNAH11
WP4803	RSPH4A
WP4803	MAK
WP4803	ALMS1
WP4803	DDX59
WP4803	NEK9
WP4803	DNAL1
WP4803	DNAI1
WP4803	GLIS2
WP4803	DNAAF11
WP4803	RSPH3
WP4803	ATXN10
WP4803	LCA5
WP4803	POC1B
WP4803	AK7
WP4803	WDPCP
WP4803	DCDC2
WP4803	CCNO
WP4803	FLCN
WP4803	CFAP418
WP4803	HYDIN
WP4803	DRC1
WP4803	CCDC28B
WP4803	RSPH1
WP4803	CFAP410
WP4803	POC1A
WP4803	DNAAF5
WP4803	DNAAF2
WP4803	TUB
WP4803	CFAP52
WP4803	CCDC103
WP4803	ANKS3
WP4803	ODAD2
WP4803	TAPT1
WP4803	FAM161A
WP4803	PKHD1
WP4803	DNAI2
WP4803	CFAP53
WP4803	RSPH9
WP4803	TMEM107
WP4803	PCARE
WP4803	NME9
WP4803	RP1L1
WP4803	DNAJB13
WP4803	XPNPEP3
WP4803	ODAD3
WP4803	KIAA0753
WP4803	ODAD4
WP4803	MCIDAS
WP4803	DNAAF4
WP4803	CCDC39
WP4804	DHCR24
WP4804	CYP51A1
WP4804	SC5D
WP4804	LBR
WP4804	EBP
WP4804	NSDHL
WP4804	DHCR7
WP4814	FGF9
WP4814	WNT4
WP4814	SOX9
WP4814	DHH
WP4814	FOXL2
WP4814	AMH
WP4814	PTGDS
WP4814	GATA4
WP4814	NR5A1
WP4814	DMRT1
WP4814	SRY
WP4814	WT1
WP4814	SOX8
WP4814	RSPO1
WP4823	CD36
WP4823	ITGB1
WP4823	CTNNB1
WP4823	LAMB2
WP4823	KIRREL1
WP4823	ITGA3
WP4823	FGFR2
WP4823	ITGA8
WP4823	PDGFB
WP4823	CXCL12
WP4823	FGF8
WP4823	VEGFA
WP4823	PDGFRB
WP4823	KDR
WP4823	NOTCH2
WP4823	LMX1B
WP4823	WNT4
WP4823	SHH
WP4823	RET
WP4823	ILK
WP4823	NCK2
WP4823	GLI3
WP4823	SLIT2
WP4823	NCK1
WP4823	GDNF
WP4823	FOXC1
WP4823	PAX2
WP4823	EYA1
WP4823	CXCR4
WP4823	FOXC2
WP4823	ROBO2
WP4823	LHX1
WP4823	NPHS2
WP4823	NPHS1
WP4823	WT1
WP4823	CD2AP
WP4823	HNF1B
WP4823	EMX2
WP4823	TCF21
WP4823	HOXA11
WP4823	SIX1
WP4823	HOXD11
WP4823	ETV4
WP4823	FOXD1
WP4830	CTNNB1
WP4830	GATA3
WP4830	BMP4
WP4830	RET
WP4830	GREM1
WP4830	GLI3
WP4830	SLIT2
WP4830	GFRA1
WP4830	GDNF
WP4830	AGTR2
WP4830	FOXC1
WP4830	PAX2
WP4830	HSPB11
WP4830	IFT27
WP4830	SALL1
WP4830	EYA1
WP4830	SPRY1
WP4830	SOX17
WP4830	FOXC2
WP4830	SOX11
WP4830	ROBO2
WP4830	FAT4
WP4830	LHX1
WP4842	CTNNB1
WP4842	FGFR2
WP4842	FGF9
WP4842	WNT4
WP4842	MAPK11
WP4842	INSL3
WP4842	SOX9
WP4842	DHH
WP4842	CBX2
WP4842	FST
WP4842	FOXL2
WP4842	AMH
WP4842	PTGDS
WP4842	GATA4
WP4842	NR5A1
WP4842	DMRT1
WP4842	SRY
WP4842	WT1
WP4842	PBX1
WP4842	SOX8
WP4842	RBFOX2
WP4842	AMHR2
WP4842	SRD5A1
WP4842	RSPO1
WP4842	EMX2
WP4844	CTNNB1
WP4844	CEBPB
WP4844	GSK3B
WP4844	APC
WP4844	HES1
WP4844	HES5
WP4844	CCND1
WP4844	SLC2A4
WP4844	SPP1
WP4844	SREBF1
WP4844	WNT10B
WP4844	AXIN1
WP4844	AGO2
WP4844	CSNK1A1
WP4844	PPARG
WP4844	CDK6
WP4844	CSNK1A1L
WP4844	MIRLET7B
WP4844	LEF1
WP4844	TCF7
WP4844	TCF7L2
WP4844	TCF7L1
WP4844	RUNX2
WP4844	ZMPSTE24
WP4844	CEBPA
WP4844	CEBPD
WP4844	EMD
WP4844	FNTA
WP4844	DICER1
WP4844	ICMT
WP4844	TOR1AIP1
WP4844	LMNA
WP4844	TARBP2
WP4844	MIR33B
WP4844	HMGA2
WP4844	TLE1
WP4844	ADIPOQ
WP4871	MAPK1
WP4871	PIK3CB
WP4871	MMP9
WP4871	MAPK3
WP4871	AKT2
WP4871	PIK3CG
WP4871	NFKB1
WP4871	PIK3CA
WP4871	MAP2K2
WP4871	RAF1
WP4871	KRAS
WP4871	ARRB1
WP4871	ARRB2
WP4871	AKT1
WP4871	PRKCB
WP4871	MAP2K1
WP4871	FSHR
WP4871	PIK3CD
WP4871	HRAS
WP4871	NRAS
WP4871	PRKCH
WP4871	PRKCQ
WP4871	PRKCG
WP4871	PLCB3
WP4871	PDK1
WP4871	PRKCA
WP4871	PRKCD
WP4871	PRKCE
WP4871	PLCB1
WP4871	PLCB4
WP4871	BMP15
WP4871	PLCB2
WP4871	AMH
WP4871	CYP11A1
WP4871	STAR
WP4871	HSD3B1
WP4871	KISS1R
WP4871	KISS1
WP4871	GDF9
WP4879	CDKN1A
WP4879	CTNNB1
WP4879	ACTB
WP4879	CDK4
WP4879	CEBPB
WP4879	CREBBP
WP4879	E2F1
WP4879	APC
WP4879	GSK3B
WP4879	HDAC1
WP4879	HES1
WP4879	NOTCH1
WP4879	MAOB
WP4879	TNFRSF11B
WP4879	SMAD2
WP4879	MAOA
WP4879	HES5
WP4879	SMAD3
WP4879	RB1
WP4879	SPP1
WP4879	SREBF1
WP4879	TGFB1
WP4879	WNT7B
WP4879	WNT10B
WP4879	AXIN1
WP4879	KAT2B
WP4879	AGO2
WP4879	CSNK1A1
WP4879	PPARG
WP4879	CSNK1A1L
WP4879	MIRLET7B
WP4879	LEF1
WP4879	BMP2
WP4879	TCF7
WP4879	TCF7L2
WP4879	TGFB2
WP4879	TCF7L1
WP4879	RUNX2
WP4879	ZMPSTE24
WP4879	CEBPA
WP4879	CEBPD
WP4879	FNTA
WP4879	DICER1
WP4879	ICMT
WP4879	MSTN
WP4879	JUNB
WP4879	LMNA
WP4879	MYOD1
WP4879	NAP1L1
WP4879	HMGA2
WP4879	TARBP2
WP4879	TLE1
WP4879	TMPO
WP4879	MIR33B
WP4879	CTSK
WP4879	EMD
WP4879	LEMD3
WP4905	TJP1
WP4905	TJP3
WP4905	PRKAG2
WP4905	PRKAB1
WP4905	PRKAG3
WP4905	BCL9
WP4905	TJP2
WP4905	GJA8
WP4905	GJA3
WP4905	AMELX
WP4905	AFDN
WP4905	CHD1L
WP4905	FMO5
WP4905	PRKAB2
WP4905	PRKAA1
WP4905	GJA1
WP4905	F11R
WP4905	PRKAA2
WP4905	ACP6
WP4905	PYGO2
WP4905	CTNNB1
WP4905	PYGO1
WP4905	PDIA3P1
WP4905	PRKAG1
WP4905	KIRREL1
WP4905	OCLN
WP4905	RNU1-151P
WP4905	CCT8P1
WP4905	OR13Z1P
WP4905	RPL7AP15
WP4905	PFN1P8
WP4905	GJA5
WP4905	NBPF12
WP4905	OR13Z2P
WP4905	OR13Z3P
WP4905	RN7SL261P
WP4906	UBE2N
WP4906	PAK2
WP4906	NF2
WP4906	PXN
WP4906	HIF1A
WP4906	TGFB1
WP4906	RNF8
WP4906	PIK3R3
WP4906	MYC
WP4906	AKT1
WP4906	RNF168
WP4906	CASP7
WP4906	JUN
WP4906	HFE
WP4906	TF
WP4906	HAMP
WP4906	NCBP2
WP4906	STAT5A
WP4906	ADAM10
WP4906	GRIA1
WP4906	STAT5B
WP4906	NRROS
WP4906	MCRS1
WP4906	MYCBP2
WP4906	DLG1
WP4906	DYNLL1
WP4906	SIRT1
WP4906	FBXW7
WP4906	NCBP1
WP4906	PCYT1A
WP4906	MELTF
WP4906	DYNLL2
WP4906	DYNC2H1
WP4906	ZNF76
WP4906	TFRC
WP4906	FNDC8
WP4906	BRINP1
WP4906	RABL2B
WP4906	PIGZ
WP4906	SENP5
WP4906	DYNC2I2
WP4906	MAD2L1BP
WP4906	DYNLRB1
WP4906	DYNC2I1
WP4906	CEP350
WP4906	DYNC2LI1
WP4906	SLC40A1
WP4906	PIGM
WP4906	TM4SF19
WP4906	DYNLT1
WP4906	ZDHHC19
WP4906	SLC51A
WP4906	UBXN7
WP4906	PIGX
WP4906	DYNLT3
WP4906	DYNLRB2
WP4906	CEP19
WP4906	FBXO45
WP4906	SDHAP1
WP4906	WDR53
WP4906	SLC51B
WP4906	RNU6-646P
WP4906	RNU6-1279P
WP4906	RNU6-42P
WP4906	RNU6-910P
WP4906	CEP43
WP4906	DYNLT2B
WP4906	SMCO1
WP4906	RPS29P3
WP4906	RPSAP69
WP4906	RNU2-11P
WP4906	RN7SL434P
WP4906	RN7SL738P
WP4906	RNU7-18P
WP4906	RNU4-89P
WP4932	EIF4H
WP4932	EIF2AK3
WP4932	BTK
WP4932	SQSTM1
WP4932	CTNNB1
WP4932	ULK1
WP4932	MLXIPL
WP4932	FAS
WP4932	ELN
WP4932	RFC2
WP4932	BUD23
WP4932	MAPK3
WP4932	OGDH
WP4932	WNT2
WP4932	STX1A
WP4932	RFC5
WP4932	GAPDH
WP4932	DLST
WP4932	ATF4
WP4932	CDKN1C
WP4932	SNAP25
WP4932	PCNA
WP4932	MYC
WP4932	RB1
WP4932	CLTC
WP4932	USF1
WP4932	UBE2E1
WP4932	GRB2
WP4932	FZD9
WP4932	HDAC2
WP4932	VAMP2
WP4932	ACACA
WP4932	DLD
WP4932	BECN1
WP4932	HMGA1
WP4932	EIF2A
WP4932	NRG1
WP4932	CFL1
WP4932	PRKG1
WP4932	NUP62
WP4932	SF3B1
WP4932	SMARCA5
WP4932	CLASP1
WP4932	HSPA2
WP4932	FBN1
WP4932	HDAC3
WP4932	ERCC6
WP4932	TSG101
WP4932	ACACB
WP4932	HDAC6
WP4932	ATP5F1D
WP4932	LIMK1
WP4932	ATP5F1B
WP4932	ATP5PB
WP4932	ATP5F1E
WP4932	ATP5MC2
WP4932	VPS37B
WP4932	PKLR
WP4932	ATP5F1A
WP4932	ATP5MC3
WP4932	VPS37A
WP4932	ATP5MC1
WP4932	VPS28
WP4932	CLDN1
WP4932	VPS37C
WP4932	VPS37D
WP4932	CLDN5
WP4932	MT-ATP6
WP4932	MT-ATP8
WP4932	ATP5PO
WP4932	MYO1C
WP4932	FKBP6
WP4932	CLASP2
WP4932	CLDN3
WP4932	CLDN4
WP4932	MYBBP1A
WP4932	BAZ1B
WP4932	CHTF18
WP4932	GRIP1
WP4932	UBE2L6
WP4932	DDX21
WP4932	FBLN5
WP4932	DEK
WP4932	TRIM50
WP4932	FBLN2
WP4932	GTF2IRD1
WP4932	HOXC8
WP4932	VPS9D1
WP4932	LAT2
WP4932	ABHD11
WP4932	BCL7B
WP4932	TBL2
WP4932	CLIP2
WP4932	UBIAD1
WP4932	ATPAF1
WP4932	BRD4
WP4932	MVB12A
WP4932	METTL27
WP4932	ATPAF2
WP4932	TMEM270
WP4932	DNAJC30
WP4932	RNU6-1080P
WP4932	MIR590
WP4932	ABHD11-AS1
WP4932	ELN-AS1
WP4932	RNA5SP233
WP4932	RN7SL265P
WP4932	RNU6-1198P
WP4932	GTF2I
WP4932	STAG3L2
WP4932	MIR4284
WP4932	UBE2E3
WP4932	H2AX
WP4940	FMR1
WP4940	CYFIP1
WP4940	NIPA2
WP4940	NIPA1
WP4940	TUBGCP5
WP4940	TUBGCP3
WP4940	TUBGCP6
WP4940	TUBGCP2
WP4940	TUBGCP4
WP4940	ELMO2P1
WP4942	CREBBP
WP4942	FYN
WP4942	GOLGA8UP
WP4942	GRM6
WP4942	KAT2B
WP4942	GPR75
WP4942	TRPM1
WP4942	FANCD2
WP4942	SERPINH1
WP4942	CHRFAM7A
WP4942	MTMR10
WP4942	OTUD7A
WP4942	KLF13
WP4942	CHRNA7
WP4942	GOLGA8Q
WP4942	GOLGA8R
WP4942	FAN1
WP4942	RNU6-17P
WP4942	RNU6-18P
WP4942	RNU6-466P
WP4942	UBE2CP4
WP4942	LINC02352
WP4942	HERC2P10
WP4942	DNM1P50
WP4942	ULK4P2
WP4942	GOLGA8H
WP4942	CCL5
WP4942	RN7SL196P
WP4942	RN7SL796P
WP4942	RN7SL628P
WP4942	RN7SL82P
WP4942	ARHGAP11B
WP4947	NOS2
WP4947	NOS1
WP4947	PRMT1
WP4947	CARM1
WP4947	NOS3
WP4947	PRMT6
WP4947	PRMT5
WP4947	PRMT3
WP4947	DDAH1
WP4947	DDAH2
WP4947	PRMT8
WP4947	PRMT7
WP4947	PRMT2
WP4949	TRAF6
WP4949	MAP2K3
WP4949	CASP8
WP4949	ESR1
WP4949	MAPK3
WP4949	PPP2CB
WP4949	PPP2R1A
WP4949	MAP2K6
WP4949	NFKB1
WP4949	PPP2R5D
WP4949	PPP2CA
WP4949	NR3C1
WP4949	PCNA
WP4949	TP53
WP4949	PPP4C
WP4949	PPP4R2
WP4949	PTEN
WP4949	UNC13B
WP4949	TRAF2
WP4949	PPARG
WP4949	MSN
WP4949	ALDOA
WP4949	REL
WP4949	INO80E
WP4949	PPP4R3A
WP4949	CDIPT
WP4949	TCP1
WP4949	CCT4
WP4949	CCT6B
WP4949	CCT7
WP4949	IGFBP3
WP4949	CCT6A
WP4949	TAOK2
WP4949	CCT5
WP4949	CCT8
WP4949	CCT3
WP4949	CCT2
WP4949	HDAC3
WP4949	PPP4R3B
WP4949	KMT2C
WP4949	UNC13A
WP4949	TBX6
WP4949	PAXIP1
WP4949	QPRT
WP4949	BPTF
WP4949	SIAH1
WP4949	KMT2D
WP4949	PAGR1
WP4949	EZR
WP4949	PARP4
WP4949	MAZ
WP4949	HIRA
WP4949	GDPD3
WP4949	HIRIP3
WP4949	TMEM219
WP4949	KIF22
WP4949	MVP
WP4949	CCDC6
WP4949	IGBP1
WP4949	YPEL3
WP4949	CORO1A
WP4949	PPP4R4
WP4949	TLCD3B
WP4949	DOC2A
WP4949	PPP4R1
WP4949	C16orf92
WP4949	PRRT2
WP4949	SEZ6L2
WP4949	ASPHD1
WP4949	KCTD13
WP4949	ZG16
WP4949	C16orf54
WP4949	SPN
WP4949	SMG1P2
WP4949	CDIPTOSP
WP4949	RN7SKP127
WP4949	PPP4R3C
WP4949	CA5AP1
WP4949	SLC7A5P1
WP4949	MIR3680-1
WP4949	MIR3680-2
WP4950	RABEP2
WP4950	IL4
WP4950	JAK2
WP4950	CR2
WP4950	C3
WP4950	PRMT1
WP4950	KDR
WP4950	VAV2
WP4950	INSR
WP4950	GRB2
WP4950	LAT
WP4950	TRAF1
WP4950	NFATC2
WP4950	MPL
WP4950	TRAF2
WP4950	RAB5A
WP4950	SLN
WP4950	ATP2A1
WP4950	PLN
WP4950	RAB4A
WP4950	IFITM1
WP4950	CD81
WP4950	CD19
WP4950	SDCCAG8
WP4950	CD82
WP4950	ATXN2L
WP4950	SPNS1
WP4950	NFATC2IP
WP4950	ATP2A1-AS1
WP4950	MIR4721
WP4950	TUFM
WP4950	RABGEF1
WP4950	SH2B1
WP4971	PTEN
WP4971	PLCH1
WP4971	INPP5D
WP4971	PIK3CD
WP4971	PIK3C2A
WP4971	PIK3C2B
WP4971	PIK3C2G
WP4971	PLCG2
WP4971	PIK3CA
WP4971	PIK3CB
WP4971	PIK3CG
WP4971	PIK3C3
WP4971	PIK3R4
WP4971	PLCD4
WP4971	MTMR10
WP4971	MTMR4
WP4971	PIP5K1C
WP4971	PLCG1
WP4971	PLCB3
WP4971	PLCB1
WP4971	PLCE1
WP4971	PLCB2
WP4971	PLCB4
WP4971	PLCD1
WP4971	PLCD3
WP4971	MTMR11
WP4971	PIP5K1B
WP4971	PLCH2
WP4971	SBF1
WP4971	PIP4K2A
WP4971	PIP4K2B
WP4971	OCRL
WP4971	MTM1
WP4971	MTMR1
WP4971	MTMR2
WP4971	MTMR3
WP4971	PIP4P1
WP4971	SBF2
WP4971	PLCZ1
WP4971	PIP4P2
WP4971	PIP4K2C
WP4971	MTMR8
WP4971	MTMR9
WP4971	PIP5K1A
WP4971	MTMR12
WP4971	SACM1L
WP4971	MTMR7
WP4971	MTMR6
WP4971	PIKFYVE
WP5030	SUOX
WP5030	ETHE1
WP5030	TST
WP5031	ACACA
WP5031	MCCC1
WP5031	MCCC2
WP5031	PCCA
WP5031	PCCB
WP5031	PC
WP5031	ACACB
WP5031	BTD
WP5031	HLCS
WP5037	ETFDH
WP5037	FLAD1
WP5037	RFK
WP5037	PDSS1
WP5037	APTX
WP5037	PDSS2
WP5037	COQ8A
WP5037	COQ2
WP5037	SLC52A2
WP5037	SLC52A1
WP5037	COQ6
WP5037	COQ9
WP5037	ETFA
WP5037	COQ7
WP5052	FGF20
WP5052	BMP7
WP5052	JAG1
WP5052	FGF8
WP5052	ALDH1A2
WP5052	NOTCH2
WP5052	WNT3A
WP5052	WNT9B
WP5052	WNT4
WP5052	PAX2
WP5052	RSPO3
WP5052	RSPO1
WP5052	TCF21
WP5052	MEIS1
WP5052	OSR1
WP5052	GREB1L
WP5052	SIX2
WP5052	FOXD1
WP5053	BMP5
WP5053	CRIM1
WP5053	BMPER
WP5053	ITGB1
WP5053	CTNNB1
WP5053	FGFR2
WP5053	GLI2
WP5053	ITGA8
WP5053	WNT11
WP5053	BMP7
WP5053	GATA3
WP5053	BMPR1A
WP5053	CCND1
WP5053	GLI1
WP5053	BMP4
WP5053	SHH
WP5053	RET
WP5053	ILK
WP5053	SMAD1
WP5053	BMPR2
WP5053	GLI3
WP5053	SMO
WP5053	FST
WP5053	SLIT2
WP5053	GFRA1
WP5053	GDNF
WP5053	FOXC1
WP5053	PAX2
WP5053	TGFB2
WP5053	SALL1
WP5053	EYA1
WP5053	BMP2
WP5053	RARA
WP5053	GPC3
WP5053	VANGL2
WP5053	SPRY1
WP5053	ROBO2
WP5053	FAT4
WP5053	LHX1
WP5053	MYCN
WP5053	WT1
WP5053	ROBO1
WP5053	CELSR1
WP5053	PBX1
WP5053	RARG
WP5053	RARB
WP5053	GRIP1
WP5053	HOXA11
WP5053	ANOS1
WP5053	SIX1
WP5053	HOXD11
WP5053	GDF11
WP5053	FRAS1
WP5053	GREB1L
WP5053	FREM2
WP5053	FREM1
WP5053	SIX2
WP5053	ETV4
WP5053	CTDNEP1
WP5053	HNF1B
WP5074	TMEM98
WP5074	MYRF
WP5074	CHD7
WP5074	SOX10
WP5074	OLIG2
WP5074	MAPK1
WP5074	FGFR1
WP5074	FGF8
WP5074	PIK3CA
WP5074	MAP2K2
WP5074	ASCL1
WP5074	AKT1
WP5074	OTX2
WP5074	FRS2
WP5074	GRB2
WP5074	PTPN11
WP5074	PROKR2
WP5074	PROK2
WP5074	PLXND1
WP5074	SEMA3E
WP5074	ANOS1
WP5074	NEUROG1
WP5074	GNRH1
WP5087	EIF4G1
WP5087	EIF4EBP1
WP5087	MMP2
WP5087	MMP14
WP5087	MTOR
WP5087	CDKN1A
WP5087	BAG2
WP5087	STK38L
WP5087	CTHRC1
WP5087	RASSF2
WP5087	RASSF4
WP5087	RASSF3
WP5087	RASSF6
WP5087	TEAD3
WP5087	MAP4K3
WP5087	CDH1
WP5087	CTNNA1
WP5087	MAPK9
WP5087	LAMC2
WP5087	CSNK2A2
WP5087	MAP4K4
WP5087	TEAD2
WP5087	ACTB
WP5087	PAK3
WP5087	LAMB1
WP5087	MAP3K1
WP5087	MAPK1
WP5087	CSNK2A1
WP5087	PAK5
WP5087	STK3
WP5087	MAP4K1
WP5087	PRKAG2
WP5087	MAPK8
WP5087	ACTA2
WP5087	MAPK10
WP5087	PRKAB1
WP5087	FN1
WP5087	PRKAG3
WP5087	MEF2D
WP5087	CCND2
WP5087	ELK1
WP5087	PAK4
WP5087	LAMA5
WP5087	LATS1
WP5087	PRKAB2
WP5087	PRKAA1
WP5087	ITGB4
WP5087	LAMC1
WP5087	PAK6
WP5087	ACTA1
WP5087	LIMD1
WP5087	PAK1
WP5087	ITGB1
WP5087	SAV1
WP5087	ACTC1
WP5087	ITGB2
WP5087	PRKAA2
WP5087	ACTG2
WP5087	CTNNB1
WP5087	MAP4K2
WP5087	LAMB2
WP5087	MST1
WP5087	ULK1
WP5087	PAK2
WP5087	PRKAG1
WP5087	ACTG1
WP5087	NF2
WP5087	TEAD1
WP5087	SRC
WP5087	TEAD4
WP5087	CSNK2B
WP5087	ITGB3
WP5087	WNT16
WP5087	DVL2
WP5087	ITGA3
WP5087	MAP3K9
WP5087	BRCA1
WP5087	IGF1
WP5087	HGF
WP5087	BAK1
WP5087	MAP2K3
WP5087	FLT4
WP5087	KITLG
WP5087	LAMC3
WP5087	PIK3CB
WP5087	LAMA3
WP5087	CUL1
WP5087	EIF4B
WP5087	NGFR
WP5087	MAP2K4
WP5087	FGFR2
WP5087	FGFR3
WP5087	LRP6
WP5087	FGF10
WP5087	FGF22
WP5087	FGF4
WP5087	MAP2K7
WP5087	FGFR1
WP5087	FGF20
WP5087	COL4A4
WP5087	GSK3B
WP5087	MAP3K4
WP5087	WNT11
WP5087	BAX
WP5087	FLT3LG
WP5087	ITGA6
WP5087	ANGPT2
WP5087	EFNA2
WP5087	PDGFB
WP5087	HIF1A
WP5087	RPS6KA5
WP5087	YY1
WP5087	MMP9
WP5087	ANGPT4
WP5087	E2F1
WP5087	LAMA1
WP5087	FGF14
WP5087	FGF9
WP5087	FLT1
WP5087	MAPK3
WP5087	AXIN1
WP5087	TSC2
WP5087	FZD3
WP5087	CCNE1
WP5087	AKT2
WP5087	BBC3
WP5087	TGFB1
WP5087	FGF21
WP5087	PIK3CG
WP5087	MET
WP5087	WNT2
WP5087	RHEB
WP5087	DVL1
WP5087	CXCL12
WP5087	FGF8
WP5087	CSF3
WP5087	WNT3
WP5087	RPS6KB1
WP5087	CCL2
WP5087	MAP2K6
WP5087	NFKB1
WP5087	PPARGC1A
WP5087	CCND1
WP5087	WNT5B
WP5087	FGF6
WP5087	MAPK14
WP5087	VEGFA
WP5087	LAMA4
WP5087	HBEGF
WP5087	FGF1
WP5087	PDGFRB
WP5087	WNT5A
WP5087	FGF12
WP5087	ITGA4
WP5087	STAT1
WP5087	WNT6
WP5087	SOS1
WP5087	ATF2
WP5087	AKT3
WP5087	SLC2A1
WP5087	RPS6KA1
WP5087	CREB1
WP5087	CCN2
WP5087	FGF23
WP5087	PGF
WP5087	TEK
WP5087	PIK3CA
WP5087	FLT3
WP5087	PLAU
WP5087	CDK2
WP5087	WNT1
WP5087	IL1B
WP5087	MAP2K2
WP5087	KDR
WP5087	FGF13
WP5087	MAP3K10
WP5087	IDO1
WP5087	RAF1
WP5087	SERPINF1
WP5087	CDK7
WP5087	WNT2B
WP5087	NGF
WP5087	PDGFRA
WP5087	COL4A2
WP5087	APC
WP5087	CDK4
WP5087	MDM2
WP5087	WNT10A
WP5087	IL6
WP5087	IL10
WP5087	MYC
WP5087	RPS6
WP5087	CASP1
WP5087	MAP2K5
WP5087	BARD1
WP5087	ITGAV
WP5087	FGF5
WP5087	FGF2
WP5087	EGF
WP5087	FGF7
WP5087	IGF1R
WP5087	CDH11
WP5087	MINK1
WP5087	TP53
WP5087	RPTOR
WP5087	AKT1
WP5087	EPHA2
WP5087	MAP3K6
WP5087	MCL1
WP5087	EFNA3
WP5087	PDGFC
WP5087	EGFR
WP5087	CDKN2A
WP5087	NTRK2
WP5087	ATM
WP5087	VEGFC
WP5087	FOXO1
WP5087	ANGPT1
WP5087	WNT3A
WP5087	WNT7A
WP5087	FZD7
WP5087	FGF18
WP5087	FZD1
WP5087	KIT
WP5087	FGF17
WP5087	CTBP1
WP5087	SHC1
WP5087	FGFR4
WP5087	DVL3
WP5087	FGF11
WP5087	LRP5
WP5087	FGF19
WP5087	JAK1
WP5087	WNT4
WP5087	TGFA
WP5087	FZD5
WP5087	MAD2L1
WP5087	ITGA2
WP5087	TERT
WP5087	CSF2
WP5087	FZD6
WP5087	VEGFD
WP5087	TSC1
WP5087	BTRC
WP5087	MAPK7
WP5087	MLST8
WP5087	MAP2K1
WP5087	EFNA1
WP5087	CXCL10
WP5087	PTK2
WP5087	WNT10B
WP5087	MAP3K2
WP5087	PDGFD
WP5087	INSR
WP5087	PIK3CD
WP5087	BCL2
WP5087	PTEN
WP5087	CYCS
WP5087	MAP3K11
WP5087	VEGFB
WP5087	HRAS
WP5087	CTBP2
WP5087	RPS6KB2
WP5087	BDNF
WP5087	RPS6KA3
WP5087	FZD8
WP5087	JUN
WP5087	GRB2
WP5087	FZD2
WP5087	CSF1R
WP5087	EFNA5
WP5087	CSF1
WP5087	SP1
WP5087	FGF3
WP5087	COL4A1
WP5087	WNT7B
WP5087	FZD9
WP5087	LAMA2
WP5087	LAMB3
WP5087	MAP3K5
WP5087	PDGFA
WP5087	COL4A6
WP5087	MDM4
WP5087	MAP3K3
WP5087	AKT1S1
WP5087	ITGA1
WP5087	EFNA4
WP5087	INS
WP5087	CCL5
WP5087	CCL4
WP5087	RASSF1
WP5087	EED
WP5087	EZH2
WP5087	AREG
WP5087	FZD10
WP5087	PHC1
WP5087	CCND3
WP5087	SPARC
WP5087	CSNK1A1
WP5087	RNF2
WP5087	BECN1
WP5087	TRAF2
WP5087	OGT
WP5087	MMP3
WP5087	PDK1
WP5087	DEPTOR
WP5087	RBBP4
WP5087	NLRP3
WP5087	ATF3
WP5087	MAPKAPK2
WP5087	CXCL1
WP5087	BAP1
WP5087	BMI1
WP5087	ASXL1
WP5087	HCFC1
WP5087	BTC
WP5087	DDIT3
WP5087	SUZ12
WP5087	CD47
WP5087	NTRK1
WP5087	RING1
WP5087	RASSF5
WP5087	PRB1
WP5087	RB1CC1
WP5087	CD44
WP5087	MKNK1
WP5087	TCF7
WP5087	MKNK2
WP5087	CHD8
WP5087	PLCB4
WP5087	PORCN
WP5087	SFRP1
WP5087	DKK4
WP5087	SFRP4
WP5087	DKK1
WP5087	SFRP5
WP5087	MAX
WP5087	AJUBA
WP5087	KIF23
WP5087	LEF1
WP5087	SFRP2
WP5087	CER1
WP5087	TCF7L2
WP5087	PRSS23
WP5087	TCF7L1
WP5087	DKK2
WP5087	WIF1
WP5087	CXCL5
WP5087	RYK
WP5087	SENP2
WP5087	SOX17
WP5087	FRAT1
WP5087	SOST
WP5087	CXXC4
WP5087	ROR2
WP5087	CDH2
WP5087	ATG13
WP5087	FOSL1
WP5087	CSNK1A1L
WP5087	FRAT2
WP5087	KREMEN1
WP5087	NOTUM
WP5087	ROR1
WP5087	NTF3
WP5087	HMGB1
WP5087	AGER
WP5087	CSNK1E
WP5087	NTF4
WP5087	CSNK2A3
WP5087	MIRLET7B
WP5087	KMT2C
WP5087	ITPR3
WP5087	SLC7A5
WP5087	PODXL
WP5087	YAP1
WP5087	CDH13
WP5087	KDM6A
WP5087	GABPA
WP5087	ADAMTS1
WP5087	IL34
WP5087	SLC3A2
WP5087	COL4A3
WP5087	SETD2
WP5087	COL4A5
WP5087	UHRF1
WP5087	MAD1L1
WP5087	SELE
WP5087	CDH10
WP5087	CDH3
WP5087	ULK2
WP5087	CDH9
WP5087	CDH6
WP5087	CD274
WP5087	CDH15
WP5087	CDH24
WP5087	CDH18
WP5087	CDH8
WP5087	CDH12
WP5087	TNIK
WP5087	IGF2
WP5087	CDH4
WP5087	CDH5
WP5087	WWTR1
WP5087	CDH17
WP5087	CDH7
WP5087	NDRG1
WP5087	PIGF
WP5087	WWC1
WP5087	CTNNA2
WP5087	LATS2
WP5087	MCU
WP5087	TNNT1
WP5087	HMGN1
WP5087	LIN28B
WP5087	MOB1A
WP5087	MOB1B
WP5087	RASSF7
WP5087	TELO2
WP5087	TTI1
WP5087	FOXM1
WP5087	CIT
WP5087	WDR5
WP5087	CDH19
WP5087	CDH20
WP5087	MDK
WP5087	AMOT
WP5087	VGLL4
WP5087	CDH22
WP5087	CDH16
WP5087	LGALS9
WP5087	CTNNA3
WP5087	DSC3
WP5087	FABP4
WP5087	SETDB1
WP5087	SETD5
WP5087	YWHAB
WP5101	ITGB4
WP5101	FYN
WP5101	HIF1A
WP5101	AKT2
WP5101	PIK3CA
WP5101	IRS1
WP5101	GRB2
WP5101	INS
WP5101	CAV1
WP5101	DGAT2
WP5101	DGAT1
WP5101	GPAT3
WP5101	LPIN2
WP5101	LPIN3
WP5101	LPIN1
WP5101	BSCL2
WP5101	AGPAT2
WP5101	CAVIN1
WP5102	MAPK9
WP5102	SREBF1
WP5102	LIPE
WP5102	AKT2
WP5102	GATA3
WP5102	PIK3CA
WP5102	LPL
WP5102	MGLL
WP5102	PPARG
WP5102	PLIN1
WP5102	STAT5B
WP5102	PNPLA2
WP5102	LMNB1
WP5102	PPARA
WP5102	ZMPSTE24
WP5102	ICMT
WP5102	LMNA
WP5102	FNTA
WP5102	GATA2
WP5102	CEBPA
WP5102	BANF1
WP5102	KLF5
WP5102	KLF9
WP5102	CIDEC
WP5102	LMNB2
WP5102	CIDEA
WP5102	FABP4
WP5102	KLF2
WP5102	PRRX1
WP5102	INS
WP5103	POLD1
WP5103	TGFB1
WP5103	SMAD4
WP5103	WRN
WP5103	SMAD3
WP5103	SMAD2
WP5103	PPARG
WP5103	PARP1
WP5103	LMNB1
WP5103	KCNJ6
WP5103	FBN1
WP5103	ZMPSTE24
WP5103	ICMT
WP5103	LMNA
WP5103	FNTA
WP5103	BANF1
WP5103	LMNB2
WP5103	SPRTN
WP5103	RECQL
WP5103	MUCL3
WP5103	INS
WP5103	FFAR3
WP5104	C3
WP5104	CFD
WP5104	CFB
WP5104	C5
WP5104	RCE1
WP5104	LMNB1
WP5104	ICMT
WP5104	LMNA
WP5104	FNTA
WP5104	LMNB2
WP5108	ANGPTL8
WP5108	LPL
WP5108	APOA1
WP5108	APOA5
WP5108	LDLR
WP5108	APOA2
WP5108	ANGPTL4
WP5108	CETP
WP5108	LIPC
WP5108	LCAT
WP5108	APOC2
WP5108	SEL1L
WP5108	LMF1
WP5108	APOA4
WP5108	ANGPTL3
WP5108	GPIHBP1
WP5108	PLTP
WP5108	LRP1
WP5109	GHR
WP5109	USF1
WP5109	LPL
WP5109	APOB
WP5109	APOA1
WP5109	EPHX2
WP5109	LDLR
WP5109	APOA2
WP5109	PCSK9
WP5109	CETP
WP5109	LDLRAP1
WP5109	LIPC
WP5109	LCAT
WP5109	APOA4
WP5109	GPIHBP1
WP5109	PLTP
WP5110	LPL
WP5110	APOA1
WP5110	SCARB1
WP5110	LDLR
WP5110	APOE
WP5110	APOA2
WP5110	CETP
WP5110	VLDLR
WP5110	LIPC
WP5110	LCAT
WP5110	APOA4
WP5110	PLTP
WP5110	LRP1
WP5111	FAS
WP5111	LPL
WP5111	APOA1
WP5111	DGAT2
WP5111	APOA5
WP5111	LDLR
WP5111	APOA2
WP5111	CETP
WP5111	MTTP
WP5111	ACSS1
WP5111	LIPC
WP5111	LCAT
WP5111	APOC2
WP5111	SEL1L
WP5111	LMF1
WP5111	APOA4
WP5111	GPIHBP1
WP5111	PLTP
WP5111	LRP1
WP5111	PDIA2
WP5111	GCKR
WP5111	GCK
WP5112	LPL
WP5112	APOA1
WP5112	APOA5
WP5112	LDLR
WP5112	APOA2
WP5112	CETP
WP5112	LIPC
WP5112	LCAT
WP5112	APOC2
WP5112	SEL1L
WP5112	LMF1
WP5112	APOA4
WP5112	GPIHBP1
WP5112	LRP1
WP5112	PLTP
WP5114	PARP1
WP5114	RAD18
WP5114	SLX4IP
WP5114	CHD1L
WP5114	BRCA1
WP5114	ERCC1
WP5114	MNAT1
WP5114	RFC1
WP5114	RFC2
WP5114	POLD1
WP5114	POLD3
WP5114	POLE2
WP5114	ERCC2
WP5114	RPA3
WP5114	POLD2
WP5114	GTF2H1
WP5114	GTF2H3
WP5114	RFC5
WP5114	POLE4
WP5114	RPA2
WP5114	POLK
WP5114	RPA1
WP5114	PCNA
WP5114	RFC3
WP5114	CDK7
WP5114	CCNH
WP5114	GTF2H2
WP5114	POLE3
WP5114	ERCC3
WP5114	RFC4
WP5114	POLH
WP5114	POLD4
WP5114	ERCC4
WP5114	POLE
WP5114	USP7
WP5114	SLX4
WP5114	GTF2H4
WP5114	XAB2
WP5114	RBX1
WP5114	RAD23B
WP5114	DDB2
WP5114	XPC
WP5114	RAD23A
WP5114	GTF2H5
WP5114	LIG3
WP5114	ERCC8
WP5114	XRCC1
WP5114	LIG1
WP5114	XPA
WP5114	CUL4A
WP5114	CETN2
WP5114	CUL4B
WP5114	DDB1
WP5114	ERCC6
WP5114	HMGN1
WP5114	UVSSA
WP5114	H2AC6
WP5114	H3-3A
WP5114	H3-3B
WP5114	H4-16
WP5114	H4C1
WP5114	H4C11
WP5114	H4C12
WP5114	H4C13
WP5114	H4C14
WP5114	H4C15
WP5114	H4C2
WP5114	H4C3
WP5114	H4C4
WP5114	H4C5
WP5114	H4C6
WP5114	H4C8
WP5114	H4C9
WP5114	GPS1
WP5120	PSEN1
WP5120	NFKB1
WP5120	PSEN2
WP5120	NCSTN
WP5120	NFKB2
WP5120	APP
WP5120	SIRT1
WP5120	MAPT
WP5120	MSTN
WP5120	BACE1
WP5120	PSENEN
WP5124	EIF2AK2
WP5124	EIF2AK3
WP5124	MTOR
WP5124	ATG2B
WP5124	NRBF2
WP5124	BECN2
WP5124	MAPK9
WP5124	TNFRSF1A
WP5124	CSNK2A2
WP5124	MAPK1
WP5124	CSNK2A1
WP5124	IKBKB
WP5124	MAPK8
WP5124	MAPK10
WP5124	GNAQ
WP5124	ULK1
WP5124	CSNK2B
WP5124	CHUK
WP5124	VDAC1
WP5124	CTNNB1
WP5124	BAD
WP5124	NOS2
WP5124	BID
WP5124	FAS
WP5124	PIK3CB
WP5124	CASP8
WP5124	HSD17B10
WP5124	PTGS2
WP5124	MAP2K7
WP5124	ARAF
WP5124	PIK3C3
WP5124	PSEN1
WP5124	GSK3B
WP5124	NOS1
WP5124	MAPK3
WP5124	AKT2
WP5124	PIK3R2
WP5124	NFKB1
WP5124	GAPDH
WP5124	AKT3
WP5124	APH1A
WP5124	PIK3R3
WP5124	APAF1
WP5124	PIK3CA
WP5124	IL1B
WP5124	SEM1
WP5124	ATF4
WP5124	RAF1
WP5124	CASP9
WP5124	IRS4
WP5124	KRAS
WP5124	IL6
WP5124	APH1B
WP5124	PPP3CA
WP5124	AKT1
WP5124	PSEN2
WP5124	PIK3R1
WP5124	ITPR1
WP5124	ADAM17
WP5124	PSMA8
WP5124	BRAF
WP5124	NCSTN
WP5124	CASP3
WP5124	CYBB
WP5124	CASP7
WP5124	FADD
WP5124	IRS1
WP5124	INSR
WP5124	PPID
WP5124	PIK3CD
WP5124	CYCS
WP5124	HRAS
WP5124	CHRNA7
WP5124	LPL
WP5124	CSF1
WP5124	IRS2
WP5124	PIK3R4
WP5124	MAP3K5
WP5124	CALM1
WP5124	NRAS
WP5124	TNF
WP5124	PSMD14
WP5124	DVL1
WP5124	DVL2
WP5124	DVL3
WP5124	APC
WP5124	FZD2
WP5124	INS
WP5124	LRP5
WP5124	WNT4
WP5124	LRP6
WP5124	WNT16
WP5124	MAP2K1
WP5124	MAP2K2
WP5124	PSMA1
WP5124	PSMA2
WP5124	PSMA3
WP5124	PSMA4
WP5124	PSMA5
WP5124	PSMA6
WP5124	PSMA7
WP5124	PSMB1
WP5124	PSMB2
WP5124	PSMB3
WP5124	PSMB4
WP5124	PSMB5
WP5124	PSMB6
WP5124	PSMB7
WP5124	PSMC1
WP5124	PSMC2
WP5124	PSMC3
WP5124	PSMC4
WP5124	PSMC5
WP5124	PSMC6
WP5124	PSMD1
WP5124	PSMD2
WP5124	PSMD3
WP5124	PSMD4
WP5124	PSMD7
WP5124	PSMD8
WP5124	PSMD9
WP5124	PSMD12
WP5124	PSMD13
WP5124	RELA
WP5124	WNT1
WP5124	WNT2
WP5124	WNT3
WP5124	WNT5A
WP5124	WNT6
WP5124	WNT7A
WP5124	WNT7B
WP5124	WNT10B
WP5124	WNT11
WP5124	WNT2B
WP5124	FZD5
WP5124	FZD3
WP5124	WNT10A
WP5124	WNT5B
WP5124	AXIN1
WP5124	FZD1
WP5124	FZD6
WP5124	FZD7
WP5124	FZD8
WP5124	FZD9
WP5124	PSMD6
WP5124	WNT3A
WP5124	VDAC3
WP5124	NOX4
WP5124	XBP1
WP5124	CSNK1A1
WP5124	IL1A
WP5124	RTN4
WP5124	ATF6
WP5124	IDE
WP5124	ITPR2
WP5124	BECN1
WP5124	TRAF2
WP5124	TUBA4A
WP5124	CALML4
WP5124	ADRM1
WP5124	ADAM10
WP5124	APP
WP5124	CALM2
WP5124	PLCB3
WP5124	CALM3
WP5124	CAPN2
WP5124	VDAC2
WP5124	AXIN2
WP5124	SLC25A6
WP5124	CALML6
WP5124	DDIT3
WP5124	GRIN1
WP5124	CALML3
WP5124	CALML5
WP5124	ERN1
WP5124	PLCB1
WP5124	GRIN2A
WP5124	GRIN2B
WP5124	FZD10
WP5124	CAPN1
WP5124	RB1CC1
WP5124	ATP2A3
WP5124	CACNA1S
WP5124	TUBB1
WP5124	PLCB4
WP5124	CACNA1F
WP5124	DKK4
WP5124	TUBB4A
WP5124	GRIN2D
WP5124	PPP3CB
WP5124	DKK1
WP5124	AMBRA1
WP5124	PPP3CC
WP5124	ATG14
WP5124	TUBA1B
WP5124	APOE
WP5124	RTN3
WP5124	EIF2S1
WP5124	TUBB2A
WP5124	TUBB2B
WP5124	PLCB2
WP5124	CACNA1C
WP5124	TUBA3E
WP5124	DKK2
WP5124	CACNA1D
WP5124	GRIN2C
WP5124	CDK5
WP5124	TUBA1A
WP5124	TUBA1C
WP5124	ATP2A2
WP5124	ATG13
WP5124	TUBB6
WP5124	CDK5R1
WP5124	TUBAL3
WP5124	CSNK1A1L
WP5124	FRAT2
WP5124	TUBA8
WP5124	MAPT
WP5124	TUBB4B
WP5124	PPP3R2
WP5124	ATP2A1
WP5124	RYR3
WP5124	PPP3R1
WP5124	CSNK2A3
WP5124	TUBB3
WP5124	FRAT1
WP5124	CSNK1E
WP5124	SFRP4
WP5124	ITPR3
WP5124	MME
WP5124	CASP12
WP5124	ULK2
WP5124	KLC3
WP5124	KLC1
WP5124	KLC4
WP5124	SLC25A4
WP5124	KIF5A
WP5124	KIF5B
WP5124	KLC2
WP5124	TUBB8
WP5124	WIPI1
WP5124	ATG2A
WP5124	APC2
WP5124	ATG101
WP5124	GPR83
WP5124	WIPI2
WP5124	NOX1
WP5124	LRP1
WP5124	SLC25A5
WP5124	SNCA
WP5124	MCU
WP5124	BACE1
WP5124	PSENEN
WP5124	APBB1
WP5124	TUBB
WP5124	NAE1
WP5124	KIF5C
WP5124	TUBA3C
WP5124	TUBA3D
WP5124	PPIF
WP5124	SLC25A31
WP5124	AGER
WP5166	LDHA
WP5166	GOT2
WP5166	PXMP2
WP5166	DAO
WP5166	AGXT
WP5166	SLC26A1
WP5166	HAO1
WP5166	ALDH4A1
WP5166	HOGA1
WP5166	GRHPR
WP5166	PRODH2
WP5169	CPOX
WP5169	ALAD
WP5169	ALAS1
WP5169	ALAS2
WP5169	FECH
WP5169	HMBS
WP5169	PPOX
WP5169	UROD
WP5169	UROS
WP5171	GGT1
WP5171	ABCC1
WP5171	PTGR1
WP5171	DECR1
WP5171	ALOX5
WP5171	DPEP1
WP5171	GGT5
WP5171	LTA4H
WP5171	ALOX5AP
WP5171	DPEP2
WP5171	CYP4F3
WP5171	LTC4S
WP5171	DECR2
WP5173	GYS1
WP5173	GYS2
WP5173	SLC2A2
WP5173	SLC5A1
WP5173	PGM1
WP5173	GYG2
WP5173	PYGL
WP5173	GBE1
WP5173	GYG1
WP5173	AKR1B1
WP5173	GALK1
WP5173	GALE
WP5173	GALT
WP5175	ACAT1
WP5175	HMGCS2
WP5175	OXCT1
WP5175	BDH1
WP5175	HMGCL
WP5176	ABCC2
WP5176	ABCB11
WP5176	SLC27A5
WP5176	HSD3B7
WP5176	SLCO1B3
WP5176	AKR1D1
WP5176	HSD17B4
WP5176	SLCO1B1
WP5176	CYP27A1
WP5176	CYP7A1
WP5176	ACOX2
WP5176	CYP7B1
WP5176	AMACR
WP5176	CYP8B1
WP5176	ATP8B1
WP5176	SCP2
WP5176	ABCB4
WP5176	SLC27A2
WP5176	AKR1C4
WP5176	BAAT
WP5178	GPI
WP5178	G6PC1
WP5178	ALDOB
WP5178	PFKL
WP5178	SLC2A2
WP5178	ALDH1A1
WP5178	FBP1
WP5178	SLC5A1
WP5178	PGM1
WP5178	TPI1
WP5178	SORD
WP5178	HK1
WP5178	KHK
WP5178	GLYCTK
WP5189	ATP7B
WP5189	ATP7A
WP5189	SLC11A2
WP5189	SLC31A1
WP5190	GAMT
WP5190	SLC6A8
WP5190	GATM
WP5190	OAT
WP5190	CKB
WP5193	DHCR24
WP5193	CYP51A1
WP5193	MSMO1
WP5193	IDI1
WP5193	FDFT1
WP5193	SQLE
WP5193	SC5D
WP5193	MVK
WP5193	HMGCR
WP5193	HMGCS1
WP5193	LBR
WP5193	EBP
WP5193	LSS
WP5193	FDPS
WP5193	PMVK
WP5193	MVD
WP5193	DHCR7
WP5193	HSD3B2
WP5195	ACAT1
WP5195	HMGCS1
WP5195	OXCT1
WP5195	BDH1
WP5195	ACAT2
WP5200	MTOR
WP5200	NFKB1
WP5200	MAPKAP1
WP5200	PIK3CA
WP5200	AKT1
WP5200	RICTOR
WP5200	MLST8
WP5200	MAPK11
WP5200	PRR5
WP5200	CALM1
WP5200	CAMK2A
WP5200	SCN1A
WP5200	SCN1B
WP5200	SCN2B
WP5200	SCN3A
WP5200	SCN3B
WP5200	SCN4B
WP5200	PRR5L
WP5202	SMO
WP5202	ACTN4
WP5202	GPR161
WP5202	VCP
WP5202	VCPIP1
WP5202	PTCH1
WP5202	HSPB11
WP5202	IFT27
WP5202	TFDP2
WP5202	STX5
WP5202	DNM3
WP5202	IFT172
WP5202	CEP19
WP5202	E2F4
WP5202	IFT74
WP5202	CEP192
WP5202	IFT81
WP5202	TUBG1
WP5202	SNAPIN
WP5202	BLOC1S4
WP5202	ALMS1
WP5202	RABL2A
WP5202	MYO5B
WP5202	RFX3
WP5202	RFX2
WP5202	NSFL1C
WP5202	RFX1
WP5202	PIFO
WP5202	RILPL1
WP5202	DTNBP1
WP5202	BLOC1S6
WP5202	BLOC1S1
WP5202	GPRASP2
WP5221	KANSL3
WP5221	MAPK1
WP5221	RHOA
WP5221	MAPK3
WP5221	IL6
WP5221	COL2A1
WP5221	STAT3
WP5221	ERBB2
WP5221	DUSP2
WP5221	ADRA2B
WP5221	LMAN2L
WP5221	SNRNP200
WP5221	COX11
WP5221	STARD7
WP5221	GPAT2
WP5221	NCAPH
WP5221	TMEM127
WP5221	ANKRD36
WP5221	TRIM43B
WP5221	TRIM43
WP5221	TRIM43CP
WP5221	FAHD2B
WP5221	CNNM4
WP5221	NEURL3
WP5221	ANKRD23
WP5221	FAM178B
WP5221	SEMA4C
WP5221	CNNM3
WP5221	OR7E102P
WP5221	ANKRD36C
WP5221	ASTL
WP5221	ARID5A
WP5221	ANKRD36B
WP5221	ITPRIPL1
WP5221	IGKV1OR2-3
WP5221	STARD7-AS1
WP5221	UBTFL3
WP5221	UBTFL5
WP5221	ANKRD39
WP5221	TRIM64FP
WP5221	FAHD2CP
WP5221	TRIM51JP
WP5221	LINC00342
WP5221	FER1L5
WP5221	RNA5SP101
WP5221	MIR3127
WP5221	IGKV1OR2-11
WP5221	IGKV3OR2-5
WP5221	IGKV2OR2-7
WP5221	IGKV2OR2-1
WP5221	IGKV2OR2-7D
WP5221	IGKV1OR2-9
WP5221	IGKV2OR2-2
WP5221	IGKV1OR2-6
WP5221	RN7SL313P
WP5221	RN7SL210P
WP5221	IGKV2OR2-10
WP5221	IGKV2OR2-8
WP5221	ZP2
WP5221	PARL
WP5221	CIAO1
WP5221	MMS19
WP5221	CIAO2B
WP5221	CIAO2A
WP5221	PLXNB2
WP5222	IL37
WP5222	IL36G
WP5222	IL36A
WP5222	IL36RN
WP5222	IL36B
WP5222	IL1F10
WP5222	ZC3H8
WP5222	MAPK1
WP5222	IL2
WP5222	SOCS1
WP5222	POLR1A
WP5222	POLR2E
WP5222	POLR2F
WP5222	GATA3
WP5222	IL23A
WP5222	STAT1
WP5222	IL1R1
WP5222	IL1B
WP5222	POLR1B
WP5222	RAC1
WP5222	IL6
WP5222	POLR1E
WP5222	POLR2K
WP5222	BCL2L11
WP5222	ANAPC1
WP5222	POLR2H
WP5222	CSF2
WP5222	PTK2
WP5222	POLR2L
WP5222	GRB2
WP5222	CSF1
WP5222	SOCS3
WP5222	POLR1D
WP5222	PLCG2
WP5222	POLR1H
WP5222	POLR1F
WP5222	IL1A
WP5222	POLR1G
WP5222	LGALS3
WP5222	ARF6
WP5222	POLR1C
WP5222	GAS6
WP5222	IL1RN
WP5222	ACOXL
WP5222	CXCL13
WP5222	IL1RAP
WP5222	MERTK
WP5222	TTL
WP5222	TULP1
WP5222	PSD4
WP5222	NT5DC4
WP5222	FBLN7
WP5222	TMEM87B
WP5222	CKAP2L
WP5222	RGPD8
WP5222	MIR4435-2HG
WP5222	ZC3H6
WP5222	RNU6-1180P
WP5222	RPS14P4
WP5222	HMGN2P23
WP5222	RPL5P9
WP5222	RN7SL297P
WP5222	MIR4771-2
WP5222	MIR4435-2
WP5222	CHCHD5
WP5222	IL1RL2
WP5222	SLC20A1
WP5222	ARL14
WP5223	CDC27
WP5223	RHOA
WP5223	APC
WP5223	RAC1
WP5223	STAT3
WP5223	ARHGEF4
WP5223	PLEKHB2
WP5223	FAM168B
WP5223	CCDC74A
WP5223	GPR148
WP5223	CDRT15P3
WP5223	POTEE
WP5223	NBEAP2
WP5223	POTEKP
WP5223	RNU6-127P
WP5223	GNAQP1
WP5223	LINC01120
WP5223	LINC01087
WP5223	MED15P4
WP5223	MED15P3
WP5223	MTND6P10
WP5223	ARHGAP42P1
WP5223	NEK2P4
WP5223	FAR2P4
WP5223	MTND4P21
WP5223	CYCSP8
WP5223	RHOQP2
WP5223	MTND1P26
WP5223	MTND2P18
WP5223	MTND5P23
WP5223	KLF2P4
WP5223	MTATP6P4
WP5223	NF1P8
WP5223	MED15P8
WP5223	RNU6-617P
WP5223	GRAMD4P8
WP5223	MIR4784
WP5223	MZT2A
WP5223	TUBA3D
WP5223	STMN2
WP5223	CCDC42
WP5223	AMER3
WP5224	UGT1A9
WP5224	UGT1A10
WP5224	UGT1A1
WP5224	RAB17
WP5224	SCLY
WP5224	MIR149
WP5224	PASK
WP5224	MEF2A
WP5224	MEF2C
WP5224	MAP1LC3A
WP5224	MAP1LC3B
WP5224	ITGB3
WP5224	CFLAR
WP5224	CALCRL
WP5224	NFKBIA
WP5224	GYS1
WP5224	CXCL12
WP5224	SEPTIN4
WP5224	CALCA
WP5224	HES1
WP5224	IL1B
WP5224	TRAF3
WP5224	RAMP1
WP5224	RAC1
WP5224	RPS6
WP5224	ASCL1
WP5224	TP53
WP5224	ARF1
WP5224	EGFR
WP5224	ILK
WP5224	UGT1A6
WP5224	GBX2
WP5224	PRL
WP5224	BOK
WP5224	JUN
WP5224	OR6B3
WP5224	OR6B2
WP5224	RTP5
WP5224	PDGFA
WP5224	CALM1
WP5224	TNF
WP5224	RRAGD
WP5224	HDAC4
WP5224	SPP2
WP5224	RRAGB
WP5224	HAMP
WP5224	RRAGC
WP5224	IL13RA1
WP5224	SEPTIN12
WP5224	RRAGA
WP5224	CXCR4
WP5224	ABCA1
WP5224	CXCL11
WP5224	UBE2F
WP5224	PDCD1
WP5224	MAP1LC3C
WP5224	UGT1A7
WP5224	UGT1A4
WP5224	MYOD1
WP5224	PER2
WP5224	ACKR3
WP5224	MYO5A
WP5224	RAB27A
WP5224	HES6
WP5224	AQP12A
WP5224	HDLBP
WP5224	IRF8
WP5224	ING5
WP5224	GAL3ST2
WP5224	AGXT
WP5224	TWIST2
WP5224	NDUFA10
WP5224	PDX1
WP5224	ATG4B
WP5224	ARL4C
WP5224	COPS8
WP5224	D2HGDH
WP5224	MLPH
WP5224	COL6A3
WP5224	DTYMK
WP5224	TRAF3IP1
WP5224	DGKD
WP5224	FARP2
WP5224	ASB1
WP5224	CAPN10
WP5224	ASB18
WP5224	GPR35
WP5224	USP40
WP5224	STK25
WP5224	IQCA1
WP5224	ILKAP
WP5224	RNPEPL1
WP5224	ESPNL
WP5224	ANKMY1
WP5224	AGAP1
WP5224	SNED1
WP5224	KLHL30
WP5224	COPS9
WP5224	MAB21L4
WP5224	THAP4
WP5224	RBM44
WP5224	OTOS
WP5224	ERFE
WP5224	MROH2A
WP5224	AQP12B
WP5224	DUSP28
WP5224	RNU1-31P
WP5224	RNU6-234P
WP5224	RNU6-1051P
WP5224	RNA5SP122
WP5224	OR5S1P
WP5224	RNU6-1140P
WP5224	CICP10
WP5224	MSL3P1
WP5224	LINC01107
WP5224	DNAJB3
WP5224	UGT1A11P
WP5224	UGT1A2P
WP5224	TMSB10P1
WP5224	UGT1A12P
WP5224	OR9S24P
WP5224	RPL3P5
WP5224	HSPE1P9
WP5224	RPL17P11
WP5224	UGT1A13P
WP5224	BOK-AS1
WP5224	AGAP1-IT1
WP5224	RNU7-127P
WP5224	RNU6-1333P
WP5224	UBE2F-SCLY
WP5224	CAPN10-DT
WP5224	MIR3133
WP5224	MIR4786
WP5224	MIR2467
WP5224	RN7SL204P
WP5224	MIR4441
WP5224	MIR4269
WP5224	MIR4440
WP5224	UGT1A8
WP5224	MTERF4
WP5224	KIF1A
WP5224	NEU4
WP5224	PPP1R7
WP5224	LRRFIP1
WP5224	PRLH
WP5224	HJURP
WP5224	DISC1
WP5224	NEDD8
WP5224	GABARAPL2
WP5224	MAP4
WP5224	GABARAPL1
WP5224	TRPM8
WP5224	ANO7
WP5224	GABARAP
WP5224	ARF5
WP5224	GPC1
WP5224	CENPA
WP5224	EEF1A1
WP5224	CYTH3
WP5224	MYOG
WP5224	SEPTIN2
WP5224	SEPTIN6
WP5224	GMEB1
WP5224	ITPK1
WP5224	SH3BP4
WP5224	CYTH4
WP5224	CYTH2
WP5224	CYTH1
