PMC5748921-PMC6115658	ACE
PMC5748921-PMC6115658	AGT
PMC5748921-PMC6115658	AGTR1
PMC5748921-PMC6115658	CHRM3
PMC5748921-PMC6115658	FRAS1
PMC5748921-PMC6115658	FREM1
PMC5748921-PMC6115658	FREM2
PMC5748921-PMC6115658	GRIP1
PMC5748921-PMC6115658	HPSE2
PMC5748921-PMC6115658	ITGA8
PMC5748921-PMC6115658	LRIG2
PMC5748921-PMC6115658	REN
PMC5748921-PMC6115658	TRAP1
PMC5748921-PMC6115658	BMP4
PMC5748921-PMC6115658	CHD1L
PMC5748921-PMC6115658	CRKL
PMC5748921-PMC6115658	DSTYK
PMC5748921-PMC6115658	EYA1
PMC5748921-PMC6115658	GATA3
PMC5748921-PMC6115658	HNF1B
PMC5748921-PMC6115658	MUC1
PMC5748921-PMC6115658	NRIP1
PMC5748921-PMC6115658	PAX2
PMC5748921-PMC6115658	PBX1
PMC5748921-PMC6115658	RET
PMC5748921-PMC6115658	ROBO2
PMC5748921-PMC6115658	SALL1
PMC5748921-PMC6115658	SIX2
PMC5748921-PMC6115658	SIX5
PMC5748921-PMC6115658	SLIT2
PMC5748921-PMC6115658	SOX17
PMC5748921-PMC6115658	SRGAP1
PMC5748921-PMC6115658	TBX18
PMC5748921-PMC6115658	TNXB
PMC5748921-PMC6115658	UMOD
PMC5748921-PMC6115658	UPK3A
PMC5748921-PMC6115658	WNT4
PMC5748921-PMC6115658	ANOS1
PMC5748921-PMC6115658	GREB1L
PMC5748921-PMC6115658	SIX1
PMC5748921-PMC6115658	ETV4
PMC5748921-PMC6115658	FGF20
GO:0072001	CYP26B1
GO:0072001	CFLAR
GO:0072001	PLXND1
GO:0072001	HOXA11
GO:0072001	SOX8
GO:0072001	ITGA3
GO:0072001	CRLF1
GO:0072001	AP2B1
GO:0072001	PROM1
GO:0072001	TFAP2B
GO:0072001	PKD1
GO:0072001	DCN
GO:0072001	WWTR1
GO:0072001	NUP160
GO:0072001	IFT88
GO:0072001	CC2D2A
GO:0072001	RRM2B
GO:0072001	ADAMTS6
GO:0072001	PTCD2
GO:0072001	FOXC1
GO:0072001	PRDM1
GO:0072001	SEC61A1
GO:0072001	FGFR2
GO:0072001	HYAL2
GO:0072001	NUP133
GO:0072001	FGF10
GO:0072001	FSTL3
GO:0072001	JMJD6
GO:0072001	NLE1
GO:0072001	GLI2
GO:0072001	NOTCH3
GO:0072001	ACAT1
GO:0072001	DLG1
GO:0072001	PAX2
GO:0072001	RARB
GO:0072001	FGFR1
GO:0072001	ITGA8
GO:0072001	TP73
GO:0072001	COL4A4
GO:0072001	ARG2
GO:0072001	MEF2C
GO:0072001	LRP2
GO:0072001	HSPB11
GO:0072001	ZMPSTE24
GO:0072001	AKR1B1
GO:0072001	WNT11
GO:0072001	BAX
GO:0072001	ANGPT2
GO:0072001	TGFB2
GO:0072001	CYP26A1
GO:0072001	PCSK5
GO:0072001	NRP1
GO:0072001	AP1B1
GO:0072001	PDGFB
GO:0072001	IFT27
GO:0072001	UPK3A
GO:0072001	SIX4
GO:0072001	MMP9
GO:0072001	BMP7
GO:0072001	JAG1
GO:0072001	SMAD7
GO:0072001	FOXF1
GO:0072001	SALL1
GO:0072001	RPGRIP1L
GO:0072001	CTSH
GO:0072001	CA2
GO:0072001	EYA1
GO:0072001	CALB1
GO:0072001	SFRP1
GO:0072001	TGFB1
GO:0072001	C1GALT1
GO:0072001	GLI3
GO:0072001	TGFBR1
GO:0072001	GATA3
GO:0072001	ACTA2
GO:0072001	LZTS2
GO:0072001	FGF8
GO:0072001	IFT20
GO:0072001	WFS1
GO:0072001	ZBTB16
GO:0072001	TNS2
GO:0072001	NUP107
GO:0072001	SIM1
GO:0072001	PTK7
GO:0072001	VEGFA
GO:0072001	TBX18
GO:0072001	FGF1
GO:0072001	SMAD5
GO:0072001	PDGFRB
GO:0072001	NPHP3
GO:0072001	WNT5A
GO:0072001	HES1
GO:0072001	ACVR2B
GO:0072001	MPV17
GO:0072001	SNX17
GO:0072001	STAT1
GO:0072001	WNT6
GO:0072001	ID2
GO:0072001	ODC1
GO:0072001	SDC1
GO:0072001	EPHA4
GO:0072001	NPHS2
GO:0072001	NID1
GO:0072001	ID3
GO:0072001	APH1A
GO:0072001	PROX1
GO:0072001	CENPF
GO:0072001	TCF21
GO:0072001	PKD2
GO:0072001	PGF
GO:0072001	EPCAM
GO:0072001	TEK
GO:0072001	EGR1
GO:0072001	APAF1
GO:0072001	RDH10
GO:0072001	KCNJ8
GO:0072001	CAT
GO:0072001	BICC1
GO:0072001	HOXC11
GO:0072001	SDC4
GO:0072001	SOX4
GO:0072001	WNT1
GO:0072001	EFNB2
GO:0072001	BMP4
GO:0072001	SOX9
GO:0072001	NUP85
GO:0072001	PAX8
GO:0072001	GZF1
GO:0072001	BMP2
GO:0072001	CITED1
GO:0072001	WNK4
GO:0072001	GLIS2
GO:0072001	SIX1
GO:0072001	PPAT
GO:0072001	MPST
GO:0072001	LIF
GO:0072001	PODXL
GO:0072001	SMO
GO:0072001	HOXD11
GO:0072001	ALDH1A2
GO:0072001	FOXJ1
GO:0072001	CDKN1C
GO:0072001	LAMA5
GO:0072001	ASS1
GO:0072001	RGN
GO:0072001	SLC34A1
GO:0072001	KIF3A
GO:0072001	RARA
GO:0072001	LIN28A
GO:0072001	SERPINF1
GO:0072001	RIDA
GO:0072001	CASP9
GO:0072001	WNT2B
GO:0072001	NOTCH2
GO:0072001	LRP4
GO:0072001	PDGFRA
GO:0072001	EPHA7
GO:0072001	GDF11
GO:0072001	AHI1
GO:0072001	AGT
GO:0072001	MYC
GO:0072001	TFAP2A
GO:0072001	SULF1
GO:0072001	YAP1
GO:0072001	SMAD6
GO:0072001	STRA6
GO:0072001	ARL3
GO:0072001	PLCE1
GO:0072001	RBP4
GO:0072001	FGF2
GO:0072001	FRAS1
GO:0072001	ENPEP
GO:0072001	LGR5
GO:0072001	GCNT3
GO:0072001	IQGAP1
GO:0072001	MYOCD
GO:0072001	GREB1L
GO:0072001	SMAD4
GO:0072001	REN
GO:0072001	OSR1
GO:0072001	WDPCP
GO:0072001	AGTR1
GO:0072001	SLIT2
GO:0072001	NDUFS6
GO:0072001	ADAMTS16
GO:0072001	KLHL3
GO:0072001	TBC1D32
GO:0072001	GPC3
GO:0072001	CER1
GO:0072001	NOTCH1
GO:0072001	KIRREL3
GO:0072001	ARID5B
GO:0072001	FREM2
GO:0072001	DLG5
GO:0072001	PTPRO
GO:0072001	BCL2L11
GO:0072001	BMP6
GO:0072001	ANGPT1
GO:0072001	ADAMTS1
GO:0072001	FLCN
GO:0072001	MYO1E
GO:0072001	WNT9B
GO:0072001	ACE
GO:0072001	IL6R
GO:0072001	NPHS1
GO:0072001	CYP4A22
GO:0072001	WNT4
GO:0072001	NFIA
GO:0072001	VANGL2
GO:0072001	KIF26B
GO:0072001	BMP10
GO:0072001	PYGO2
GO:0072001	TIPARP
GO:0072001	KLF15
GO:0072001	HEYL
GO:0072001	SPRY1
GO:0072001	HPGD
GO:0072001	NIPBL
GO:0072001	DACT2
GO:0072001	BMPER
GO:0072001	SHH
GO:0072001	SOX17
GO:0072001	OSR2
GO:0072001	TTC8
GO:0072001	TSC1
GO:0072001	RET
GO:0072001	FBN1
GO:0072001	SGPL1
GO:0072001	ILK
GO:0072001	DCHS1
GO:0072001	SERPINB7
GO:0072001	GREM1
GO:0072001	SMAD3
GO:0072001	NKX3-1
GO:0072001	AQP2
GO:0072001	CTNNB1
GO:0072001	FADD
GO:0072001	GDNF
GO:0072001	NPNT
GO:0072001	COL4A3
GO:0072001	ZNF354A
GO:0072001	PCSK9
GO:0072001	UMOD
GO:0072001	TMED10
GO:0072001	SMAD1
GO:0072001	EMX2
GO:0072001	IRX1
GO:0072001	IRX2
GO:0072001	SIX2
GO:0072001	MTSS1
GO:0072001	PKHD1
GO:0072001	HAS2
GO:0072001	PDGFD
GO:0072001	PYGO1
GO:0072001	ASXL1
GO:0072001	BCL2
GO:0072001	LAMB2
GO:0072001	OVOL1
GO:0072001	CD34
GO:0072001	SMAD2
GO:0072001	FOXC2
GO:0072001	BDNF
GO:0072001	BASP1
GO:0072001	SOX11
GO:0072001	GCNT4
GO:0072001	GPR4
GO:0072001	IRX3
GO:0072001	AQP11
GO:0072001	CTNNBIP1
GO:0072001	MAGED1
GO:0072001	AGTR2
GO:0072001	CXCR2
GO:0072001	ADIPOQ
GO:0072001	EXT1
GO:0072001	NOG
GO:0072001	PRKX
GO:0072001	TACSTD2
GO:0072001	AMER1
GO:0072001	WT1
GO:0072001	ROBO2
GO:0072001	PBX1
GO:0072001	PTCH1
GO:0072001	CYP4A11
GO:0072001	GCNT1
GO:0072001	DYNC2H1
GO:0072001	MAGI2
GO:0072001	COL4A1
GO:0072001	WNT7B
GO:0072001	LRRK2
GO:0072001	FAT4
GO:0072001	MME
GO:0072001	SULF2
GO:0072001	NF1
GO:0072001	KANK2
GO:0072001	PDGFA
GO:0072001	CPLANE1
GO:0072001	HES5
GO:0072001	ZBTB14
GO:0072001	MMP17
GO:0072001	CEP290
GO:0072001	DLL1
GO:0072001	POU3F3
GO:0072001	TRAF3IP1
GO:0072001	BAG6
GO:0072001	LGR4
GO:0072001	MIR125A
GO:0072001	TREX1
GO:0072001	FMN1
GO:0072001	FOXD1
GO:0072001	HOXB7
GO:0072001	PECAM1
GO:0072001	CD24
GO:0072001	LHX1
GO:0072001	HNF1B
GO:0072001	PKD1L3
GO:0001822	CYP26B1
GO:0001822	CFLAR
GO:0001822	PLXND1
GO:0001822	HOXA11
GO:0001822	SOX8
GO:0001822	ITGA3
GO:0001822	CRLF1
GO:0001822	AP2B1
GO:0001822	PROM1
GO:0001822	TFAP2B
GO:0001822	PKD1
GO:0001822	DCN
GO:0001822	WWTR1
GO:0001822	NUP160
GO:0001822	IFT88
GO:0001822	CC2D2A
GO:0001822	RRM2B
GO:0001822	ADAMTS6
GO:0001822	PTCD2
GO:0001822	FOXC1
GO:0001822	PRDM1
GO:0001822	SEC61A1
GO:0001822	FGFR2
GO:0001822	HYAL2
GO:0001822	NUP133
GO:0001822	FGF10
GO:0001822	FSTL3
GO:0001822	JMJD6
GO:0001822	NLE1
GO:0001822	GLI2
GO:0001822	NOTCH3
GO:0001822	ACAT1
GO:0001822	DLG1
GO:0001822	PAX2
GO:0001822	RARB
GO:0001822	FGFR1
GO:0001822	ITGA8
GO:0001822	TP73
GO:0001822	COL4A4
GO:0001822	ARG2
GO:0001822	MEF2C
GO:0001822	LRP2
GO:0001822	HSPB11
GO:0001822	ZMPSTE24
GO:0001822	AKR1B1
GO:0001822	WNT11
GO:0001822	BAX
GO:0001822	ANGPT2
GO:0001822	TGFB2
GO:0001822	CYP26A1
GO:0001822	PCSK5
GO:0001822	NRP1
GO:0001822	AP1B1
GO:0001822	PDGFB
GO:0001822	IFT27
GO:0001822	UPK3A
GO:0001822	SIX4
GO:0001822	MMP9
GO:0001822	BMP7
GO:0001822	JAG1
GO:0001822	SMAD7
GO:0001822	SALL1
GO:0001822	RPGRIP1L
GO:0001822	CTSH
GO:0001822	CA2
GO:0001822	EYA1
GO:0001822	CALB1
GO:0001822	SFRP1
GO:0001822	TGFB1
GO:0001822	C1GALT1
GO:0001822	GLI3
GO:0001822	TGFBR1
GO:0001822	GATA3
GO:0001822	ACTA2
GO:0001822	LZTS2
GO:0001822	FGF8
GO:0001822	IFT20
GO:0001822	WFS1
GO:0001822	ZBTB16
GO:0001822	TNS2
GO:0001822	NUP107
GO:0001822	SIM1
GO:0001822	PTK7
GO:0001822	VEGFA
GO:0001822	FGF1
GO:0001822	SMAD5
GO:0001822	PDGFRB
GO:0001822	NPHP3
GO:0001822	WNT5A
GO:0001822	HES1
GO:0001822	ACVR2B
GO:0001822	MPV17
GO:0001822	SNX17
GO:0001822	STAT1
GO:0001822	WNT6
GO:0001822	ID2
GO:0001822	ODC1
GO:0001822	SDC1
GO:0001822	EPHA4
GO:0001822	NPHS2
GO:0001822	NID1
GO:0001822	ID3
GO:0001822	APH1A
GO:0001822	PROX1
GO:0001822	CENPF
GO:0001822	TCF21
GO:0001822	PKD2
GO:0001822	PGF
GO:0001822	EPCAM
GO:0001822	TEK
GO:0001822	EGR1
GO:0001822	APAF1
GO:0001822	RDH10
GO:0001822	KCNJ8
GO:0001822	CAT
GO:0001822	BICC1
GO:0001822	HOXC11
GO:0001822	SDC4
GO:0001822	SOX4
GO:0001822	WNT1
GO:0001822	EFNB2
GO:0001822	BMP4
GO:0001822	SOX9
GO:0001822	NUP85
GO:0001822	PAX8
GO:0001822	GZF1
GO:0001822	BMP2
GO:0001822	CITED1
GO:0001822	WNK4
GO:0001822	GLIS2
GO:0001822	SIX1
GO:0001822	PPAT
GO:0001822	MPST
GO:0001822	LIF
GO:0001822	PODXL
GO:0001822	SMO
GO:0001822	HOXD11
GO:0001822	ALDH1A2
GO:0001822	FOXJ1
GO:0001822	CDKN1C
GO:0001822	LAMA5
GO:0001822	ASS1
GO:0001822	RGN
GO:0001822	SLC34A1
GO:0001822	KIF3A
GO:0001822	RARA
GO:0001822	LIN28A
GO:0001822	SERPINF1
GO:0001822	RIDA
GO:0001822	CASP9
GO:0001822	WNT2B
GO:0001822	NOTCH2
GO:0001822	LRP4
GO:0001822	PDGFRA
GO:0001822	EPHA7
GO:0001822	GDF11
GO:0001822	AHI1
GO:0001822	AGT
GO:0001822	MYC
GO:0001822	TFAP2A
GO:0001822	SULF1
GO:0001822	YAP1
GO:0001822	SMAD6
GO:0001822	STRA6
GO:0001822	ARL3
GO:0001822	PLCE1
GO:0001822	FGF2
GO:0001822	FRAS1
GO:0001822	ENPEP
GO:0001822	GCNT3
GO:0001822	IQGAP1
GO:0001822	GREB1L
GO:0001822	SMAD4
GO:0001822	REN
GO:0001822	OSR1
GO:0001822	WDPCP
GO:0001822	AGTR1
GO:0001822	SLIT2
GO:0001822	NDUFS6
GO:0001822	ADAMTS16
GO:0001822	KLHL3
GO:0001822	TBC1D32
GO:0001822	GPC3
GO:0001822	CER1
GO:0001822	NOTCH1
GO:0001822	KIRREL3
GO:0001822	ARID5B
GO:0001822	FREM2
GO:0001822	DLG5
GO:0001822	PTPRO
GO:0001822	BCL2L11
GO:0001822	BMP6
GO:0001822	ANGPT1
GO:0001822	ADAMTS1
GO:0001822	FLCN
GO:0001822	MYO1E
GO:0001822	WNT9B
GO:0001822	ACE
GO:0001822	IL6R
GO:0001822	NPHS1
GO:0001822	CYP4A22
GO:0001822	WNT4
GO:0001822	VANGL2
GO:0001822	KIF26B
GO:0001822	BMP10
GO:0001822	PYGO2
GO:0001822	TIPARP
GO:0001822	KLF15
GO:0001822	HEYL
GO:0001822	SPRY1
GO:0001822	HPGD
GO:0001822	NIPBL
GO:0001822	DACT2
GO:0001822	BMPER
GO:0001822	SHH
GO:0001822	SOX17
GO:0001822	OSR2
GO:0001822	TSC1
GO:0001822	RET
GO:0001822	FBN1
GO:0001822	SGPL1
GO:0001822	ILK
GO:0001822	DCHS1
GO:0001822	SERPINB7
GO:0001822	GREM1
GO:0001822	SMAD3
GO:0001822	NKX3-1
GO:0001822	AQP2
GO:0001822	CTNNB1
GO:0001822	FADD
GO:0001822	GDNF
GO:0001822	NPNT
GO:0001822	COL4A3
GO:0001822	ZNF354A
GO:0001822	PCSK9
GO:0001822	UMOD
GO:0001822	TMED10
GO:0001822	SMAD1
GO:0001822	IRX1
GO:0001822	IRX2
GO:0001822	SIX2
GO:0001822	MTSS1
GO:0001822	PKHD1
GO:0001822	HAS2
GO:0001822	PDGFD
GO:0001822	PYGO1
GO:0001822	ASXL1
GO:0001822	BCL2
GO:0001822	LAMB2
GO:0001822	OVOL1
GO:0001822	CD34
GO:0001822	SMAD2
GO:0001822	FOXC2
GO:0001822	BDNF
GO:0001822	BASP1
GO:0001822	SOX11
GO:0001822	GCNT4
GO:0001822	GPR4
GO:0001822	IRX3
GO:0001822	AQP11
GO:0001822	CTNNBIP1
GO:0001822	MAGED1
GO:0001822	AGTR2
GO:0001822	CXCR2
GO:0001822	ADIPOQ
GO:0001822	EXT1
GO:0001822	NOG
GO:0001822	PRKX
GO:0001822	TACSTD2
GO:0001822	AMER1
GO:0001822	WT1
GO:0001822	ROBO2
GO:0001822	PBX1
GO:0001822	PTCH1
GO:0001822	CYP4A11
GO:0001822	GCNT1
GO:0001822	DYNC2H1
GO:0001822	MAGI2
GO:0001822	WNT7B
GO:0001822	LRRK2
GO:0001822	FAT4
GO:0001822	MME
GO:0001822	SULF2
GO:0001822	NF1
GO:0001822	KANK2
GO:0001822	PDGFA
GO:0001822	CPLANE1
GO:0001822	HES5
GO:0001822	ZBTB14
GO:0001822	MMP17
GO:0001822	CEP290
GO:0001822	DLL1
GO:0001822	POU3F3
GO:0001822	TRAF3IP1
GO:0001822	BAG6
GO:0001822	LGR4
GO:0001822	MIR125A
GO:0001822	TREX1
GO:0001822	FMN1
GO:0001822	FOXD1
GO:0001822	HOXB7
GO:0001822	PECAM1
GO:0001822	CD24
GO:0001822	LHX1
GO:0001822	HNF1B
GO:0001822	PKD1L3
GO:0060993	HOXA11
GO:0060993	SOX8
GO:0060993	PKD1
GO:0060993	WWTR1
GO:0060993	FGF10
GO:0060993	DLG1
GO:0060993	PAX2
GO:0060993	ZMPSTE24
GO:0060993	WNT11
GO:0060993	SIX4
GO:0060993	BMP7
GO:0060993	SALL1
GO:0060993	EYA1
GO:0060993	CALB1
GO:0060993	TGFB1
GO:0060993	GLI3
GO:0060993	GATA3
GO:0060993	LZTS2
GO:0060993	FGF8
GO:0060993	VEGFA
GO:0060993	FGF1
GO:0060993	PDGFRB
GO:0060993	NPHP3
GO:0060993	HES1
GO:0060993	STAT1
GO:0060993	WNT6
GO:0060993	TCF21
GO:0060993	PKD2
GO:0060993	PGF
GO:0060993	SOX4
GO:0060993	WNT1
GO:0060993	BMP4
GO:0060993	SOX9
GO:0060993	PAX8
GO:0060993	GZF1
GO:0060993	BMP2
GO:0060993	CITED1
GO:0060993	WNK4
GO:0060993	SIX1
GO:0060993	LIF
GO:0060993	SMO
GO:0060993	HOXD11
GO:0060993	FOXJ1
GO:0060993	LAMA5
GO:0060993	WNT2B
GO:0060993	AHI1
GO:0060993	AGT
GO:0060993	MYC
GO:0060993	FGF2
GO:0060993	FRAS1
GO:0060993	GCNT3
GO:0060993	GREB1L
GO:0060993	SMAD4
GO:0060993	OSR1
GO:0060993	ADAMTS16
GO:0060993	KLHL3
GO:0060993	GPC3
GO:0060993	WNT9B
GO:0060993	WNT4
GO:0060993	VANGL2
GO:0060993	KIF26B
GO:0060993	SHH
GO:0060993	ILK
GO:0060993	DCHS1
GO:0060993	GREM1
GO:0060993	CTNNB1
GO:0060993	GDNF
GO:0060993	NPNT
GO:0060993	IRX1
GO:0060993	IRX2
GO:0060993	SIX2
GO:0060993	ASXL1
GO:0060993	BCL2
GO:0060993	BASP1
GO:0060993	GCNT4
GO:0060993	IRX3
GO:0060993	CTNNBIP1
GO:0060993	MAGED1
GO:0060993	AGTR2
GO:0060993	NOG
GO:0060993	PRKX
GO:0060993	TACSTD2
GO:0060993	WT1
GO:0060993	PBX1
GO:0060993	PTCH1
GO:0060993	GCNT1
GO:0060993	WNT7B
GO:0060993	LRRK2
GO:0060993	FAT4
GO:0060993	HES5
GO:0060993	LGR4
GO:0060993	FMN1
GO:0060993	FOXD1
GO:0060993	HOXB7
GO:0060993	LHX1
GO:0060993	HNF1B
REAC:R-HSA-2022377	CPB2
REAC:R-HSA-2022377	CMA1
REAC:R-HSA-2022377	CTSG
REAC:R-HSA-2022377	GZMH
REAC:R-HSA-2022377	CTSZ
REAC:R-HSA-2022377	CTSD
REAC:R-HSA-2022377	ACE2
REAC:R-HSA-2022377	AGT
REAC:R-HSA-2022377	ENPEP
REAC:R-HSA-2022377	REN
REAC:R-HSA-2022377	AOPEP
REAC:R-HSA-2022377	CPB1
REAC:R-HSA-2022377	ACE
REAC:R-HSA-2022377	CPA3
REAC:R-HSA-2022377	ANPEP
REAC:R-HSA-2022377	ATP6AP2
REAC:R-HSA-2022377	MME
REAC:R-HSA-2022377	CES1
REAC:R-HSA-8853659	GAB2
REAC:R-HSA-8853659	PIK3CB
REAC:R-HSA-8853659	PRKACA
REAC:R-HSA-8853659	RAP1GAP
REAC:R-HSA-8853659	DOK5
REAC:R-HSA-8853659	PIK3R2
REAC:R-HSA-8853659	GRB10
REAC:R-HSA-8853659	GAB1
REAC:R-HSA-8853659	DOK1
REAC:R-HSA-8853659	SOS1
REAC:R-HSA-8853659	ARTN
REAC:R-HSA-8853659	PIK3R3
REAC:R-HSA-8853659	PIK3CA
REAC:R-HSA-8853659	PLCG1
REAC:R-HSA-8853659	DOK4
REAC:R-HSA-8853659	PSPN
REAC:R-HSA-8853659	GFRA4
REAC:R-HSA-8853659	GRB7
REAC:R-HSA-8853659	PRKACB
REAC:R-HSA-8853659	PIK3R1
REAC:R-HSA-8853659	GFRA3
REAC:R-HSA-8853659	DOK2
REAC:R-HSA-8853659	SHC3
REAC:R-HSA-8853659	GFRA1
REAC:R-HSA-8853659	PRKCA
REAC:R-HSA-8853659	SHC1
REAC:R-HSA-8853659	PRKACG
REAC:R-HSA-8853659	RET
REAC:R-HSA-8853659	FRS2
REAC:R-HSA-8853659	MAPK7
REAC:R-HSA-8853659	GFRA2
REAC:R-HSA-8853659	GDNF
REAC:R-HSA-8853659	NRTN
REAC:R-HSA-8853659	PIK3CD
REAC:R-HSA-8853659	PTPN11
REAC:R-HSA-8853659	IRS2
REAC:R-HSA-8853659	PDLIM7
REAC:R-HSA-8853659	DOK6
REAC:R-HSA-195721	WNT16
REAC:R-HSA-195721	HECW1
REAC:R-HSA-195721	DVL2
REAC:R-HSA-195721	CREBBP
REAC:R-HSA-195721	AP2B1
REAC:R-HSA-195721	PSMB1
REAC:R-HSA-195721	PSMC4
REAC:R-HSA-195721	CCDC88C
REAC:R-HSA-195721	ZRANB1
REAC:R-HSA-195721	RUNX3
REAC:R-HSA-195721	CUL3
REAC:R-HSA-195721	PSMA4
REAC:R-HSA-195721	AP2S1
REAC:R-HSA-195721	CUL1
REAC:R-HSA-195721	WNT8A
REAC:R-HSA-195721	TLE2
REAC:R-HSA-195721	PPP2R5A
REAC:R-HSA-195721	RHOA
REAC:R-HSA-195721	PSME4
REAC:R-HSA-195721	PPP2R5B
REAC:R-HSA-195721	VPS35
REAC:R-HSA-195721	GNB5
REAC:R-HSA-195721	LRP6
REAC:R-HSA-195721	CSNK2A2
REAC:R-HSA-195721	CAMK2A
REAC:R-HSA-195721	WNT8B
REAC:R-HSA-195721	PPP2R5C
REAC:R-HSA-195721	GNB1
REAC:R-HSA-195721	TNRC6C
REAC:R-HSA-195721	TCF7
REAC:R-HSA-195721	GSK3B
REAC:R-HSA-195721	XPO1
REAC:R-HSA-195721	WNT11
REAC:R-HSA-195721	NLK
REAC:R-HSA-195721	PSMC5
REAC:R-HSA-195721	GNAO1
REAC:R-HSA-195721	TNRC6A
REAC:R-HSA-195721	PSME1
REAC:R-HSA-195721	AGO1
REAC:R-HSA-195721	PSMD5
REAC:R-HSA-195721	ITPR3
REAC:R-HSA-195721	PSMD8
REAC:R-HSA-195721	CBY1
REAC:R-HSA-195721	TNRC6B
REAC:R-HSA-195721	RBX1
REAC:R-HSA-195721	EP300
REAC:R-HSA-195721	PSMC6
REAC:R-HSA-195721	PSMA3
REAC:R-HSA-195721	DAAM1
REAC:R-HSA-195721	PSMC1
REAC:R-HSA-195721	PSMB5
REAC:R-HSA-195721	CHD8
REAC:R-HSA-195721	PSMA6
REAC:R-HSA-195721	PSME2
REAC:R-HSA-195721	PSMA7
REAC:R-HSA-195721	CSNK2A1
REAC:R-HSA-195721	RSPO4
REAC:R-HSA-195721	PSMD10
REAC:R-HSA-195721	XIAP
REAC:R-HSA-195721	PORCN
REAC:R-HSA-195721	PARD6A
REAC:R-HSA-195721	PSMD7
REAC:R-HSA-195721	AXIN1
REAC:R-HSA-195721	FZD3
REAC:R-HSA-195721	SFRP1
REAC:R-HSA-195721	DKK4
REAC:R-HSA-195721	PPP2CB
REAC:R-HSA-195721	TLE5
REAC:R-HSA-195721	AKT2
REAC:R-HSA-195721	PPP2R1A
REAC:R-HSA-195721	H2AZ2
REAC:R-HSA-195721	CAV1
REAC:R-HSA-195721	WNT2
REAC:R-HSA-195721	PSMA2
REAC:R-HSA-195721	TLE4
REAC:R-HSA-195721	PIP5K1B
REAC:R-HSA-195721	DVL1
REAC:R-HSA-195721	PPP3CB
REAC:R-HSA-195721	TNKS2
REAC:R-HSA-195721	DKK1
REAC:R-HSA-195721	PSMD3
REAC:R-HSA-195721	RNF43
REAC:R-HSA-195721	WNT3
REAC:R-HSA-195721	PFN1
REAC:R-HSA-195721	PSMD11
REAC:R-HSA-195721	SMURF2
REAC:R-HSA-195721	SOX6
REAC:R-HSA-195721	PSMD9
REAC:R-HSA-195721	WNT5B
REAC:R-HSA-195721	VPS29
REAC:R-HSA-195721	GNB3
REAC:R-HSA-195721	SNX3
REAC:R-HSA-195721	PPP2R5D
REAC:R-HSA-195721	SKP1
REAC:R-HSA-195721	PPP2CA
REAC:R-HSA-195721	CSNK1A1
REAC:R-HSA-195721	WNT5A
REAC:R-HSA-195721	GNB4
REAC:R-HSA-195721	PSMD14
REAC:R-HSA-195721	USP34
REAC:R-HSA-195721	WNT6
REAC:R-HSA-195721	BCL9
REAC:R-HSA-195721	HDAC1
REAC:R-HSA-195721	WLS
REAC:R-HSA-195721	KLHL12
REAC:R-HSA-195721	RBBP5
REAC:R-HSA-195721	TMED5
REAC:R-HSA-195721	RNF146
REAC:R-HSA-195721	CLTA
REAC:R-HSA-195721	VPS26A
REAC:R-HSA-195721	ITPR2
REAC:R-HSA-195721	AGO2
REAC:R-HSA-195721	H2BC11
REAC:R-HSA-195721	SOX4
REAC:R-HSA-195721	WNT1
REAC:R-HSA-195721	SOX9
REAC:R-HSA-195721	PSMF1
REAC:R-HSA-195721	PSMB2
REAC:R-HSA-195721	AGO3
REAC:R-HSA-195721	PRKCG
REAC:R-HSA-195721	GNG13
REAC:R-HSA-195721	SMARCA4
REAC:R-HSA-195721	GNG11
REAC:R-HSA-195721	SEM1
REAC:R-HSA-195721	GNGT1
REAC:R-HSA-195721	RAC2
REAC:R-HSA-195721	PSMA1
REAC:R-HSA-195721	ASH2L
REAC:R-HSA-195721	NFATC1
REAC:R-HSA-195721	PSME3
REAC:R-HSA-195721	KREMEN2
REAC:R-HSA-195721	H3-3B
REAC:R-HSA-195721	PDE6A
REAC:R-HSA-195721	LGR6
REAC:R-HSA-195721	PDE6B
REAC:R-HSA-195721	CSNK1G2
REAC:R-HSA-195721	MEN1
REAC:R-HSA-195721	GNAT2
REAC:R-HSA-195721	WNT2B
REAC:R-HSA-195721	CDC73
REAC:R-HSA-195721	SOX3
REAC:R-HSA-195721	AGO4
REAC:R-HSA-195721	APC
REAC:R-HSA-195721	MAP3K7
REAC:R-HSA-195721	WNT10A
REAC:R-HSA-195721	RAC1
REAC:R-HSA-195721	PSMB7
REAC:R-HSA-195721	MYC
REAC:R-HSA-195721	PPP2R1B
REAC:R-HSA-195721	PLCB2
REAC:R-HSA-195721	USP8
REAC:R-HSA-195721	PRKG2
REAC:R-HSA-195721	LEF1
REAC:R-HSA-195721	PPP3CA
REAC:R-HSA-195721	PRICKLE1
REAC:R-HSA-195721	LGR5
REAC:R-HSA-195721	TLE3
REAC:R-HSA-195721	CLTC
REAC:R-HSA-195721	ARRB2
REAC:R-HSA-195721	AKT1
REAC:R-HSA-195721	PSMB6
REAC:R-HSA-195721	PSMA5
REAC:R-HSA-195721	WNT9A
REAC:R-HSA-195721	SOX13
REAC:R-HSA-195721	RPS27A
REAC:R-HSA-195721	SFRP2
REAC:R-HSA-195721	H2BC1
REAC:R-HSA-195721	RSPO3
REAC:R-HSA-195721	RSPO2
REAC:R-HSA-195721	TCF7L2
REAC:R-HSA-195721	PLCB3
REAC:R-HSA-195721	UBC
REAC:R-HSA-195721	ITPR1
REAC:R-HSA-195721	TCF7L1
REAC:R-HSA-195721	PPP2R5E
REAC:R-HSA-195721	PRKCA
REAC:R-HSA-195721	WNT3A
REAC:R-HSA-195721	PSMA8
REAC:R-HSA-195721	WNT7A
REAC:R-HSA-195721	DKK2
REAC:R-HSA-195721	MOV10
REAC:R-HSA-195721	FZD7
REAC:R-HSA-195721	WIF1
REAC:R-HSA-195721	FZD1
REAC:R-HSA-195721	H2BC5
REAC:R-HSA-195721	H4C8
REAC:R-HSA-195721	WNT9B
REAC:R-HSA-195721	PSMD4
REAC:R-HSA-195721	PSMB4
REAC:R-HSA-195721	CTBP1
REAC:R-HSA-195721	PSMC2
REAC:R-HSA-195721	DVL3
REAC:R-HSA-195721	AP2M1
REAC:R-HSA-195721	GNG3
REAC:R-HSA-195721	LRP5
REAC:R-HSA-195721	WNT4
REAC:R-HSA-195721	VANGL2
REAC:R-HSA-195721	H3-3A
REAC:R-HSA-195721	FZD5
REAC:R-HSA-195721	PYGO2
REAC:R-HSA-195721	PSMD6
REAC:R-HSA-195721	RYK
REAC:R-HSA-195721	H2AZ1
REAC:R-HSA-195721	TERT
REAC:R-HSA-195721	SOX17
REAC:R-HSA-195721	YWHAZ
REAC:R-HSA-195721	FZD6
REAC:R-HSA-195721	DACT1
REAC:R-HSA-195721	FRAT1
REAC:R-HSA-195721	PSMC3
REAC:R-HSA-195721	BTRC
REAC:R-HSA-195721	LEO1
REAC:R-HSA-195721	PRKCB
REAC:R-HSA-195721	GNGT2
REAC:R-HSA-195721	GNG8
REAC:R-HSA-195721	KMT2D
REAC:R-HSA-195721	SOST
REAC:R-HSA-195721	CTNNB1
REAC:R-HSA-195721	H3-4
REAC:R-HSA-195721	GNG4
REAC:R-HSA-195721	AXIN2
REAC:R-HSA-195721	ROR2
REAC:R-HSA-195721	RSPO1
REAC:R-HSA-195721	RAC3
REAC:R-HSA-195721	WNT10B
REAC:R-HSA-195721	UBB
REAC:R-HSA-195721	PYGO1
REAC:R-HSA-195721	SOX7
REAC:R-HSA-195721	GNB2
REAC:R-HSA-195721	GNG12
REAC:R-HSA-195721	KAT5
REAC:R-HSA-195721	TNKS
REAC:R-HSA-195721	PSMD1
REAC:R-HSA-195721	GNG5
REAC:R-HSA-195721	FZD4
REAC:R-HSA-195721	CTBP2
REAC:R-HSA-195721	PSMD2
REAC:R-HSA-195721	CLTB
REAC:R-HSA-195721	RUVBL1
REAC:R-HSA-195721	GNG7
REAC:R-HSA-195721	FZD8
REAC:R-HSA-195721	CTNNBIP1
REAC:R-HSA-195721	FZD2
REAC:R-HSA-195721	H2AC6
REAC:R-HSA-195721	H2BC4
REAC:R-HSA-195721	SCRIB
REAC:R-HSA-195721	FRAT2
REAC:R-HSA-195721	SOX2
REAC:R-HSA-195721	PLCB1
REAC:R-HSA-195721	AP2A2
REAC:R-HSA-195721	ZNRF3
REAC:R-HSA-195721	H3C13
REAC:R-HSA-195721	KREMEN1
REAC:R-HSA-195721	H2AC20
REAC:R-HSA-195721	AMER1
REAC:R-HSA-195721	H2BC21
REAC:R-HSA-195721	SRY
REAC:R-HSA-195721	H2BC13
REAC:R-HSA-195721	ROR1
REAC:R-HSA-195721	PDE6G
REAC:R-HSA-195721	PRKG1
REAC:R-HSA-195721	PSMD13
REAC:R-HSA-195721	BCL9L
REAC:R-HSA-195721	GNG2
REAC:R-HSA-195721	WNT7B
REAC:R-HSA-195721	H2AX
REAC:R-HSA-195721	TRRAP
REAC:R-HSA-195721	TLE1
REAC:R-HSA-195721	H2AC7
REAC:R-HSA-195721	H2BU1
REAC:R-HSA-195721	AP2A1
REAC:R-HSA-195721	H4C3
REAC:R-HSA-195721	H3C12
REAC:R-HSA-195721	PSMD12
REAC:R-HSA-195721	H4C11
REAC:R-HSA-195721	H3C4
REAC:R-HSA-195721	H4-16
REAC:R-HSA-195721	H2BC12
REAC:R-HSA-195721	CALM1
REAC:R-HSA-195721	SMURF1
REAC:R-HSA-195721	H3C14
REAC:R-HSA-195721	H2AC18
REAC:R-HSA-195721	H3C15
REAC:R-HSA-195721	PSMB8
REAC:R-HSA-195721	CSNK2B
REAC:R-HSA-195721	LGR4
REAC:R-HSA-195721	PSMB10
REAC:R-HSA-195721	CSNK1E
REAC:R-HSA-195721	PPP3R1
REAC:R-HSA-195721	UBA52
REAC:R-HSA-195721	PSMB11
REAC:R-HSA-195721	H2BC15
REAC:R-HSA-195721	H2BS1
REAC:R-HSA-195721	PSMB9
REAC:R-HSA-195721	GNG10
REAC:R-HSA-195721	H2AJ
REAC:R-HSA-195721	H4C15
REAC:R-HSA-195721	H4C14
REAC:R-HSA-195721	H2AC19
REAC:R-HSA-195721	H4C12
REAC:R-HSA-195721	H2BC14
REAC:R-HSA-195721	H2BC8
REAC:R-HSA-195721	H3C8
REAC:R-HSA-195721	H2AB1
REAC:R-HSA-195721	H2BC6
REAC:R-HSA-195721	H4C6
REAC:R-HSA-195721	H2BC17
REAC:R-HSA-195721	H3C6
REAC:R-HSA-195721	H4C13
REAC:R-HSA-195721	H3C11
REAC:R-HSA-195721	H2BC9
REAC:R-HSA-195721	H3C1
REAC:R-HSA-195721	H4C9
REAC:R-HSA-195721	H2AC14
REAC:R-HSA-195721	H2BC3
REAC:R-HSA-195721	H4C5
REAC:R-HSA-195721	H2AC8
REAC:R-HSA-195721	H4C4
REAC:R-HSA-195721	H2BC7
REAC:R-HSA-195721	H3C7
REAC:R-HSA-195721	PSMB3
REAC:R-HSA-195721	H2AC4
REAC:R-HSA-195721	H2BC10
REAC:R-HSA-195721	H4C1
REAC:R-HSA-195721	H4C2
REAC:R-HSA-195721	H3C10
REAC:R-HSA-195721	H3C2
REAC:R-HSA-195721	H3C3
REAC:R-HSA-157118	PLXND1
REAC:R-HSA-157118	CREBBP
REAC:R-HSA-157118	PSMB1
REAC:R-HSA-157118	PSMC4
REAC:R-HSA-157118	MAMLD1
REAC:R-HSA-157118	TACC3
REAC:R-HSA-157118	CNTN1
REAC:R-HSA-157118	FLT4
REAC:R-HSA-157118	PSMA4
REAC:R-HSA-157118	HDAC9
REAC:R-HSA-157118	CUL1
REAC:R-HSA-157118	HDAC7
REAC:R-HSA-157118	ST3GAL6
REAC:R-HSA-157118	TLE2
REAC:R-HSA-157118	YBX1
REAC:R-HSA-157118	HDAC4
REAC:R-HSA-157118	SEL1L
REAC:R-HSA-157118	NOTCH3
REAC:R-HSA-157118	ATP2A3
REAC:R-HSA-157118	SIRT6
REAC:R-HSA-157118	TNRC6C
REAC:R-HSA-157118	ITCH
REAC:R-HSA-157118	PSEN1
REAC:R-HSA-157118	B4GALT1
REAC:R-HSA-157118	TMED2
REAC:R-HSA-157118	PSMC5
REAC:R-HSA-157118	TNRC6A
REAC:R-HSA-157118	DTX2
REAC:R-HSA-157118	PSME1
REAC:R-HSA-157118	AGO1
REAC:R-HSA-157118	HDAC6
REAC:R-HSA-157118	PSMD5
REAC:R-HSA-157118	PSMD8
REAC:R-HSA-157118	MFNG
REAC:R-HSA-157118	TNRC6B
REAC:R-HSA-157118	RBX1
REAC:R-HSA-157118	EP300
REAC:R-HSA-157118	HDAC10
REAC:R-HSA-157118	GZMB
REAC:R-HSA-157118	PSMC6
REAC:R-HSA-157118	PSMA3
REAC:R-HSA-157118	SNW1
REAC:R-HSA-157118	HIF1A
REAC:R-HSA-157118	PSMC1
REAC:R-HSA-157118	PSMB5
REAC:R-HSA-157118	PSMA6
REAC:R-HSA-157118	PSME2
REAC:R-HSA-157118	PSMA7
REAC:R-HSA-157118	POFUT1
REAC:R-HSA-157118	JAG1
REAC:R-HSA-157118	E2F1
REAC:R-HSA-157118	MIB1
REAC:R-HSA-157118	PSMD10
REAC:R-HSA-157118	TBL1X
REAC:R-HSA-157118	PSMD7
REAC:R-HSA-157118	FCER2
REAC:R-HSA-157118	H2AZ2
REAC:R-HSA-157118	LFNG
REAC:R-HSA-157118	PSMA2
REAC:R-HSA-157118	TLE4
REAC:R-HSA-157118	ACTA2
REAC:R-HSA-157118	NEURL1
REAC:R-HSA-157118	PSMD3
REAC:R-HSA-157118	PSMD11
REAC:R-HSA-157118	KAT2A
REAC:R-HSA-157118	HDAC5
REAC:R-HSA-157118	DTX4
REAC:R-HSA-157118	ST3GAL4
REAC:R-HSA-157118	CCND1
REAC:R-HSA-157118	MDK
REAC:R-HSA-157118	PSMD9
REAC:R-HSA-157118	CCNC
REAC:R-HSA-157118	E2F3
REAC:R-HSA-157118	SKP1
REAC:R-HSA-157118	WWC1
REAC:R-HSA-157118	TFDP2
REAC:R-HSA-157118	KAT2B
REAC:R-HSA-157118	HES1
REAC:R-HSA-157118	PSMD14
REAC:R-HSA-157118	STAT1
REAC:R-HSA-157118	HDAC1
REAC:R-HSA-157118	APH1A
REAC:R-HSA-157118	CREB1
REAC:R-HSA-157118	AGO2
REAC:R-HSA-157118	H2BC11
REAC:R-HSA-157118	PSMF1
REAC:R-HSA-157118	PSMB2
REAC:R-HSA-157118	AGO3
REAC:R-HSA-157118	ST3GAL3
REAC:R-HSA-157118	DLGAP5
REAC:R-HSA-157118	SEM1
REAC:R-HSA-157118	DLL4
REAC:R-HSA-157118	PSMA1
REAC:R-HSA-157118	PSME3
REAC:R-HSA-157118	H3-3B
REAC:R-HSA-157118	CDK8
REAC:R-HSA-157118	NUMB
REAC:R-HSA-157118	NOTCH2
REAC:R-HSA-157118	AGO4
REAC:R-HSA-157118	DTX1
REAC:R-HSA-157118	HEY2
REAC:R-HSA-157118	PSMB7
REAC:R-HSA-157118	MYC
REAC:R-HSA-157118	ARRB1
REAC:R-HSA-157118	ADAM10
REAC:R-HSA-157118	APH1B
REAC:R-HSA-157118	EGF
REAC:R-HSA-157118	FURIN
REAC:R-HSA-157118	NCOR1
REAC:R-HSA-157118	ARRB2
REAC:R-HSA-157118	TP53
REAC:R-HSA-157118	AKT1
REAC:R-HSA-157118	PSMB6
REAC:R-HSA-157118	PSMA5
REAC:R-HSA-157118	PSEN2
REAC:R-HSA-157118	RPS27A
REAC:R-HSA-157118	H2BC1
REAC:R-HSA-157118	EGFR
REAC:R-HSA-157118	HDAC8
REAC:R-HSA-157118	NOTCH1
REAC:R-HSA-157118	UBC
REAC:R-HSA-157118	ADAM17
REAC:R-HSA-157118	MOV10
REAC:R-HSA-157118	H2BC5
REAC:R-HSA-157118	H4C8
REAC:R-HSA-157118	RUNX1
REAC:R-HSA-157118	PSMD4
REAC:R-HSA-157118	PSMB4
REAC:R-HSA-157118	MAML1
REAC:R-HSA-157118	PSMC2
REAC:R-HSA-157118	NCSTN
REAC:R-HSA-157118	H3-3A
REAC:R-HSA-157118	POGLUT1
REAC:R-HSA-157118	ELF3
REAC:R-HSA-157118	HDAC11
REAC:R-HSA-157118	PRKCI
REAC:R-HSA-157118	PSMD6
REAC:R-HSA-157118	HEYL
REAC:R-HSA-157118	H2AZ1
REAC:R-HSA-157118	FABP7
REAC:R-HSA-157118	HEY1
REAC:R-HSA-157118	YWHAZ
REAC:R-HSA-157118	PSMC3
REAC:R-HSA-157118	SMAD3
REAC:R-HSA-157118	RBPJ
REAC:R-HSA-157118	RFNG
REAC:R-HSA-157118	UBB
REAC:R-HSA-157118	PTCRA
REAC:R-HSA-157118	HDAC3
REAC:R-HSA-157118	NBEA
REAC:R-HSA-157118	PSMD1
REAC:R-HSA-157118	ATP2A2
REAC:R-HSA-157118	PSMD2
REAC:R-HSA-157118	RAB6A
REAC:R-HSA-157118	TBL1XR1
REAC:R-HSA-157118	JUN
REAC:R-HSA-157118	H2AC6
REAC:R-HSA-157118	H2BC4
REAC:R-HSA-157118	H3C13
REAC:R-HSA-157118	H2AC20
REAC:R-HSA-157118	MAML2
REAC:R-HSA-157118	H2BC21
REAC:R-HSA-157118	JAG2
REAC:R-HSA-157118	H2BC13
REAC:R-HSA-157118	DLK1
REAC:R-HSA-157118	PSMD13
REAC:R-HSA-157118	PBX1
REAC:R-HSA-157118	DNER
REAC:R-HSA-157118	H2AX
REAC:R-HSA-157118	ATP2A1
REAC:R-HSA-157118	NCOR2
REAC:R-HSA-157118	HDAC2
REAC:R-HSA-157118	TLE1
REAC:R-HSA-157118	MAML3
REAC:R-HSA-157118	H2AC7
REAC:R-HSA-157118	H2BU1
REAC:R-HSA-157118	H4C3
REAC:R-HSA-157118	H3C12
REAC:R-HSA-157118	PSMD12
REAC:R-HSA-157118	H4C11
REAC:R-HSA-157118	H3C4
REAC:R-HSA-157118	MIB2
REAC:R-HSA-157118	H4-16
REAC:R-HSA-157118	H2BC12
REAC:R-HSA-157118	HES5
REAC:R-HSA-157118	TFDP1
REAC:R-HSA-157118	WWP2
REAC:R-HSA-157118	DLL1
REAC:R-HSA-157118	H3C14
REAC:R-HSA-157118	H2AC18
REAC:R-HSA-157118	H3C15
REAC:R-HSA-157118	PSMB8
REAC:R-HSA-157118	NOTCH4
REAC:R-HSA-157118	PSENEN
REAC:R-HSA-157118	PSMB10
REAC:R-HSA-157118	NEURL1B
REAC:R-HSA-157118	UBA52
REAC:R-HSA-157118	H2BC15
REAC:R-HSA-157118	H2BS1
REAC:R-HSA-157118	PSMB9
REAC:R-HSA-157118	H2AJ
REAC:R-HSA-157118	H4C15
REAC:R-HSA-157118	H4C14
REAC:R-HSA-157118	H2AC19
REAC:R-HSA-157118	H4C12
REAC:R-HSA-157118	H2BC14
REAC:R-HSA-157118	H2BC8
REAC:R-HSA-157118	H3C8
REAC:R-HSA-157118	H2AB1
REAC:R-HSA-157118	H2BC6
REAC:R-HSA-157118	H4C6
REAC:R-HSA-157118	H2BC17
REAC:R-HSA-157118	H3C6
REAC:R-HSA-157118	H4C13
REAC:R-HSA-157118	H3C11
REAC:R-HSA-157118	H2BC9
REAC:R-HSA-157118	H3C1
REAC:R-HSA-157118	H4C9
REAC:R-HSA-157118	H2AC14
REAC:R-HSA-157118	H2BC3
REAC:R-HSA-157118	H4C5
REAC:R-HSA-157118	H2AC8
REAC:R-HSA-157118	H4C4
REAC:R-HSA-157118	H2BC7
REAC:R-HSA-157118	H3C7
REAC:R-HSA-157118	PSMB3
REAC:R-HSA-157118	H2AC4
REAC:R-HSA-157118	H2BC10
REAC:R-HSA-157118	H4C1
REAC:R-HSA-157118	H4C2
REAC:R-HSA-157118	H3C10
REAC:R-HSA-157118	H3C2
REAC:R-HSA-157118	H3C3
REAC:R-HSA-5358351	PRKAR2B
REAC:R-HSA-5358351	PSMB1
REAC:R-HSA-5358351	FUZ
REAC:R-HSA-5358351	MKS1
REAC:R-HSA-5358351	PSMC4
REAC:R-HSA-5358351	IFT88
REAC:R-HSA-5358351	CUL3
REAC:R-HSA-5358351	PSMA4
REAC:R-HSA-5358351	OFD1
REAC:R-HSA-5358351	HHAT
REAC:R-HSA-5358351	CUL1
REAC:R-HSA-5358351	CDON
REAC:R-HSA-5358351	PSME4
REAC:R-HSA-5358351	ERLEC1
REAC:R-HSA-5358351	SEL1L
REAC:R-HSA-5358351	PRKACA
REAC:R-HSA-5358351	EVC
REAC:R-HSA-5358351	DERL2
REAC:R-HSA-5358351	GLI2
REAC:R-HSA-5358351	TUBA3D
REAC:R-HSA-5358351	TULP3
REAC:R-HSA-5358351	ADCY2
REAC:R-HSA-5358351	ITCH
REAC:R-HSA-5358351	GSK3B
REAC:R-HSA-5358351	PSMC5
REAC:R-HSA-5358351	GNAS
REAC:R-HSA-5358351	PSME1
REAC:R-HSA-5358351	PSMD5
REAC:R-HSA-5358351	PSMD8
REAC:R-HSA-5358351	RBX1
REAC:R-HSA-5358351	PSMC6
REAC:R-HSA-5358351	PSMA3
REAC:R-HSA-5358351	PSMC1
REAC:R-HSA-5358351	PSMB5
REAC:R-HSA-5358351	PSMA6
REAC:R-HSA-5358351	PSME2
REAC:R-HSA-5358351	IFT52
REAC:R-HSA-5358351	TUBB1
REAC:R-HSA-5358351	PSMA7
REAC:R-HSA-5358351	PSMD10
REAC:R-HSA-5358351	PSMD7
REAC:R-HSA-5358351	RPGRIP1L
REAC:R-HSA-5358351	TUBB4A
REAC:R-HSA-5358351	IQCE
REAC:R-HSA-5358351	GLI3
REAC:R-HSA-5358351	PSMA2
REAC:R-HSA-5358351	SUFU
REAC:R-HSA-5358351	PSMD3
REAC:R-HSA-5358351	PSMD11
REAC:R-HSA-5358351	SMURF2
REAC:R-HSA-5358351	PRKAR1A
REAC:R-HSA-5358351	PSMD9
REAC:R-HSA-5358351	GLI1
REAC:R-HSA-5358351	SKP1
REAC:R-HSA-5358351	CSNK1A1
REAC:R-HSA-5358351	PRKAR2A
REAC:R-HSA-5358351	IFT57
REAC:R-HSA-5358351	PSMD14
REAC:R-HSA-5358351	WDR35
REAC:R-HSA-5358351	SPOP
REAC:R-HSA-5358351	ADCY7
REAC:R-HSA-5358351	TUBA1B
REAC:R-HSA-5358351	TTC21B
REAC:R-HSA-5358351	PSMF1
REAC:R-HSA-5358351	PSMB2
REAC:R-HSA-5358351	TUBA4A
REAC:R-HSA-5358351	SEM1
REAC:R-HSA-5358351	SMO
REAC:R-HSA-5358351	PSMA1
REAC:R-HSA-5358351	ADCY4
REAC:R-HSA-5358351	KIF3A
REAC:R-HSA-5358351	PSME3
REAC:R-HSA-5358351	NUMB
REAC:R-HSA-5358351	CDC73
REAC:R-HSA-5358351	DZIP1
REAC:R-HSA-5358351	OS9
REAC:R-HSA-5358351	PSMB7
REAC:R-HSA-5358351	TUBB2A
REAC:R-HSA-5358351	TUBB2B
REAC:R-HSA-5358351	ARRB1
REAC:R-HSA-5358351	IFT172
REAC:R-HSA-5358351	ADCY3
REAC:R-HSA-5358351	DHH
REAC:R-HSA-5358351	DISP2
REAC:R-HSA-5358351	ULK3
REAC:R-HSA-5358351	GAS8
REAC:R-HSA-5358351	ARRB2
REAC:R-HSA-5358351	PSMB6
REAC:R-HSA-5358351	PRKACB
REAC:R-HSA-5358351	PSMA5
REAC:R-HSA-5358351	GPR161
REAC:R-HSA-5358351	ADCY10
REAC:R-HSA-5358351	RPS27A
REAC:R-HSA-5358351	SPOPL
REAC:R-HSA-5358351	BOC
REAC:R-HSA-5358351	UBC
REAC:R-HSA-5358351	ADAM17
REAC:R-HSA-5358351	PSMA8
REAC:R-HSA-5358351	ADCY8
REAC:R-HSA-5358351	WDR19
REAC:R-HSA-5358351	PSMD4
REAC:R-HSA-5358351	PSMB4
REAC:R-HSA-5358351	PSMC2
REAC:R-HSA-5358351	ADCY9
REAC:R-HSA-5358351	SYVN1
REAC:R-HSA-5358351	IHH
REAC:R-HSA-5358351	PSMD6
REAC:R-HSA-5358351	IFT122
REAC:R-HSA-5358351	INTU
REAC:R-HSA-5358351	HHIP
REAC:R-HSA-5358351	SHH
REAC:R-HSA-5358351	ADCY1
REAC:R-HSA-5358351	PRKACG
REAC:R-HSA-5358351	VCP
REAC:R-HSA-5358351	PSMC3
REAC:R-HSA-5358351	BTRC
REAC:R-HSA-5358351	KIF7
REAC:R-HSA-5358351	TUBA1A
REAC:R-HSA-5358351	TUBA1C
REAC:R-HSA-5358351	UBB
REAC:R-HSA-5358351	GRK2
REAC:R-HSA-5358351	EVC2
REAC:R-HSA-5358351	ADCY5
REAC:R-HSA-5358351	PSMD1
REAC:R-HSA-5358351	ADCY6
REAC:R-HSA-5358351	PSMD2
REAC:R-HSA-5358351	SCUBE2
REAC:R-HSA-5358351	TUBB6
REAC:R-HSA-5358351	GPC5
REAC:R-HSA-5358351	GAS1
REAC:R-HSA-5358351	NOTUM
REAC:R-HSA-5358351	P4HB
REAC:R-HSA-5358351	PSMD13
REAC:R-HSA-5358351	PTCH1
REAC:R-HSA-5358351	DYNC2H1
REAC:R-HSA-5358351	IFT140
REAC:R-HSA-5358351	PRKAR1B
REAC:R-HSA-5358351	TUBB4B
REAC:R-HSA-5358351	PSMD12
REAC:R-HSA-5358351	TUBA3C
REAC:R-HSA-5358351	SMURF1
REAC:R-HSA-5358351	EFCAB7
REAC:R-HSA-5358351	PSMB8
REAC:R-HSA-5358351	PSMB10
REAC:R-HSA-5358351	UBA52
REAC:R-HSA-5358351	PSMB11
REAC:R-HSA-5358351	PSMB9
REAC:R-HSA-5358351	TUBB3
REAC:R-HSA-5358351	PSMB3
WP:WP5053	WT1
WP:WP5053	GFRA1
WP:WP5053	FRAS1
WP:WP5053	LHX1
WP:WP5053	GLI2
WP:WP5053	FGFR2
WP:WP5053	PAX2
WP:WP5053	CELSR1
WP:WP5053	GRIP1
WP:WP5053	SIX2
WP:WP5053	ILK
WP:WP5053	SPRY1
WP:WP5053	RARB
WP:WP5053	SHH
WP:WP5053	CTNNB1
WP:WP5053	WNT11
WP:WP5053	SIX1
WP:WP5053	HOXD11
WP:WP5053	TGFB2
WP:WP5053	ITGA8
WP:WP5053	ITGB1
WP:WP5053	VANGL2
WP:WP5053	RARA
WP:WP5053	ETV4
WP:WP5053	FAT4
WP:WP5053	SMAD1
WP:WP5053	FREM2
WP:WP5053	GDF11
WP:WP5053	GLI1
WP:WP5053	MYCN
WP:WP5053	ROBO1
WP:WP5053	CCND1
WP:WP5053	HOXA11
WP:WP5053	GDNF
WP:WP5053	RARG
WP:WP5053	SALL1
WP:WP5053	GREB1L
WP:WP5053	SMO
WP:WP5053	GLI3
WP:WP5053	FREM1
WP:WP5053	FOXC1
WP:WP5053	SLIT2
WP:WP5053	ROBO2
WP:WP5053	GATA3
WP:WP5053	RET
WP:WP5053	BMP4
WP:WP5053	ANOS1
WP:WP4823	FGF8
WP:WP4823	FOXC2
WP:WP4823	WT1
WP:WP4823	CD2AP
WP:WP4823	EMX2
WP:WP4823	LHX1
WP:WP4823	KDR
WP:WP4823	FGFR2
WP:WP4823	LAMB2
WP:WP4823	NCK2
WP:WP4823	PAX2
WP:WP4823	ITGA3
WP:WP4823	ILK
WP:WP4823	NOTCH2
WP:WP4823	SHH
WP:WP4823	CTNNB1
WP:WP4823	CXCR4
WP:WP4823	SIX1
WP:WP4823	HOXD11
WP:WP4823	WNT4
WP:WP4823	KIRREL1
WP:WP4823	VEGFA
WP:WP4823	CD36
WP:WP4823	EYA1
WP:WP4823	LMX1B
WP:WP4823	ITGA8
WP:WP4823	ITGB1
WP:WP4823	ETV4
WP:WP4823	PDGFRB
WP:WP4823	NPHS2
WP:WP4823	NCK1
WP:WP4823	HOXA11
WP:WP4823	LOC107985317
WP:WP4823	GDNF
WP:WP4823	TCF21
WP:WP4823	FOXD1
WP:WP4823	GLI3
WP:WP4823	FOXC1
WP:WP4823	PDGFB
WP:WP4823	SLIT2
WP:WP4823	ROBO2
WP:WP4823	RET
WP:WP4823	CXCL12
WP:WP5052	FGF8
WP:WP5052	WNT9B
WP:WP5052	PAX2
WP:WP5052	SIX2
WP:WP5052	MEIS1
WP:WP5052	ALDH1A2
WP:WP5052	OSR1
WP:WP5052	NOTCH2
WP:WP5052	TCF21
WP:WP5052	GREB1L
WP:WP5052	RSPO3
WP:WP5052	FGF20
WP:WP5052	FOXD1
WP:WP5052	BMP7
WP:WP5052	WNT4
WP:WP5052	RSPO1
WP:WP5052	JAG1
WP:WP4830	IFT27
WP:WP4830	FOXC2
WP:WP4830	GFRA1
WP:WP4830	AGTR2
WP:WP4830	EYA1
WP:WP4830	LHX1
WP:WP4830	FAT4
WP:WP4830	PAX2
WP:WP4830	SOX11
WP:WP4830	SPRY1
WP:WP4830	HSPB11
WP:WP4830	GDNF
WP:WP4830	CTNNB1
WP:WP4830	SALL1
WP:WP4830	GREM1
WP:WP4830	SOX17
WP:WP4830	GLI3
WP:WP4830	FOXC1
WP:WP4830	SLIT2
WP:WP4830	ROBO2
WP:WP4830	GATA3
WP:WP4830	RET
WP:WP4830	BMP4
